-- phpMyAdmin SQL Dump
-- version 5.2.1
-- https://www.phpmyadmin.net/
--
-- Host: 127.0.0.1
-- Waktu pembuatan: 08 Bulan Mei 2026 pada 10.54
-- Versi server: 10.4.32-MariaDB
-- Versi PHP: 8.2.12

SET SQL_MODE = "NO_AUTO_VALUE_ON_ZERO";
START TRANSACTION;
SET time_zone = "+00:00";


/*!40101 SET @OLD_CHARACTER_SET_CLIENT=@@CHARACTER_SET_CLIENT */;
/*!40101 SET @OLD_CHARACTER_SET_RESULTS=@@CHARACTER_SET_RESULTS */;
/*!40101 SET @OLD_COLLATION_CONNECTION=@@COLLATION_CONNECTION */;
/*!40101 SET NAMES utf8mb4 */;

--
-- Database: `wisata_bali`
--

-- --------------------------------------------------------

--
-- Struktur dari tabel `admin`
--

CREATE TABLE `admin` (
  `id` int(11) NOT NULL,
  `nama` varchar(100) NOT NULL,
  `gmail` varchar(100) NOT NULL,
  `password` varchar(255) NOT NULL,
  `created_at` timestamp NOT NULL DEFAULT current_timestamp(),
  `updated_at` timestamp NOT NULL DEFAULT current_timestamp() ON UPDATE current_timestamp()
) ENGINE=InnoDB DEFAULT CHARSET=utf8mb4 COLLATE=utf8mb4_general_ci;

-- --------------------------------------------------------

--
-- Struktur dari tabel `chatbot_messages`
--

CREATE TABLE `chatbot_messages` (
  `id` int(11) NOT NULL,
  `user_id` int(11) NOT NULL,
  `role` varchar(20) NOT NULL,
  `content` text NOT NULL,
  `created_at` timestamp NOT NULL DEFAULT current_timestamp()
) ENGINE=InnoDB DEFAULT CHARSET=utf8mb4 COLLATE=utf8mb4_general_ci;

--
-- Dumping data untuk tabel `chatbot_messages`
--

INSERT INTO `chatbot_messages` (`id`, `user_id`, `role`, `content`, `created_at`) VALUES
(64, 1, 'user', 'pegunungan', '2026-04-29 07:45:35'),
(65, 1, 'assistant', '✨ <b>Rekomendasi Alam Terbaik untuk Kamu</b>\n\n<b>1. Gunung Agung</b><br><b>Lokasi:</b> Karangasem<br><b>Kategori:</b> Alam<br><b>Rating:</b> ⭐ 4.8<br><b>Tiket WNI:</b> Rp75,000<br><b>Jam Buka:</b> 00:00-23:59 (WITA)<br><b>Aktivitas:</b> Pendakian, religi, fotografi<br><b>Deskripsi:</b> Gunung tertinggi di Bali dengan nilai spiritual tinggi...\n[PLACE_SEPARATOR]\n<b>2. Air Terjun Banyumala</b><br><b>Lokasi:</b> Tabanan<br><b>Kategori:</b> Alam<br><b>Rating:</b> ⭐ 4.6<br><b>Tiket WNI:</b> Rp20,000<br><b>Jam Buka:</b> 07.00-17.00 (WITA)<br><b>Aktivitas:</b> Berenang di kolam alami, trekking, berfoto, menikmati alam<br><b>Deskripsi:</b> Air terjun kembar yang indah tersembunyi di hutan tropis Wanagiri. Airnya segar dan jernih, dikelilingi pepohonan lebat menciptakan suasana alam yang menakjubka...\n[PLACE_SEPARATOR]\n<b>3. Air Terjun Blangsinga</b><br><b>Lokasi:</b> Gianyar<br><b>Kategori:</b> Alam<br><b>Rating:</b> ⭐ 4.5<br><b>Tiket WNI:</b> Rp20,000<br><b>Jam Buka:</b> 08.00-17.00 (WITA)<br><b>Aktivitas:</b> Berenang, berfoto, trekking ringan, menikmati alam<br><b>Deskripsi:</b> Air terjun jernih mengalir deras di lembah hijau Gianyar. Akses mudah dan dekat dengan Ubud menjadikannya destinasi healing singkat yang favorit. Airnya sangat ...\n[PLACE_SEPARATOR]\n<b>4. Taman Ujung Water Palace</b><br><b>Lokasi:</b> Karangasem<br><b>Kategori:</b> Alam<br><b>Rating:</b> ⭐ 4.6<br><b>Tiket WNI:</b> Rp15,000<br><b>Jam Buka:</b> 08.00-17.00 (WITA)<br><b>Aktivitas:</b> Trekking, berfoto, menikmati alam<br><b>Deskripsi:</b> Ujung Water Palace is a former palace in Karangasem Regency, Bali. Now, this palace also known as Ujung Park or Sukasada Park....\n\n*📋 Rekomendasi berdasarkan: perjalanan solo, suasana tenang, budget hemat, hobi mendaki, hiking.*\n\n💡 Ada yang mau ditanyakan lebih lanjut? Atau mau saya carikan alternatif lain?', '2026-04-29 07:45:35'),
(66, 1, 'user', 'Wisata alam', '2026-04-29 07:45:35'),
(67, 1, 'assistant', '✨ <b>Rekomendasi Alam Terbaik untuk Kamu</b>\n\n<b>1. Bukit Asah</b><br><b>Lokasi:</b> Karangasem<br><b>Kategori:</b> Alam<br><b>Rating:</b> ⭐ 4.5<br><b>Tiket WNI:</b> Rp10,000<br><b>Jam Buka:</b> 00:00-23:59 (WITA)<br><b>Aktivitas:</b> Camping, fotografi, sunrise<br><b>Deskripsi:</b> Tempat camping dengan view laut dan perbukitan...\n[PLACE_SEPARATOR]\n<b>2. Air Terjun Sekumpul</b><br><b>Lokasi:</b> Buleleng<br><b>Kategori:</b> Alam<br><b>Rating:</b> ⭐ 4.8<br><b>Tiket WNI:</b> Rp20,000<br><b>Jam Buka:</b> 07.00-17.00 (WITA)<br><b>Aktivitas:</b> Trekking, berfoto, berenang, menikmati alam tropis<br><b>Deskripsi:</b> Tujuh air terjun sekaligus di satu lembah hutan tropis yang lebat, dianggap sebagai air terjun paling indah di Bali. Memerlukan trekking 45 menit yang terbayar ...\n[PLACE_SEPARATOR]\n<b>3. Tukad Cepung Waterfall</b><br><b>Lokasi:</b> Bangli<br><b>Kategori:</b> Alam<br><b>Rating:</b> ⭐ 4.7<br><b>Tiket WNI:</b> Rp20,000<br><b>Jam Buka:</b> 08.00-17.00 (WITA)<br><b>Aktivitas:</b> Berfoto dalam goa, trekking, berenang, efek cahaya dramatis<br><b>Deskripsi:</b> Air terjun magis yang tersembunyi di dalam goa batu dengan sinar matahari yang masuk membentuk efek cahaya yang sangat dramatis dan sangat instagramable. Sangat...\n[PLACE_SEPARATOR]\n<b>4. Air Terjun Aling Aling</b><br><b>Lokasi:</b> Buleleng<br><b>Kategori:</b> Alam<br><b>Rating:</b> ⭐ 4.6<br><b>Tiket WNI:</b> Rp20,000<br><b>Jam Buka:</b> 08.00-17.00 (WITA)<br><b>Aktivitas:</b> Natural water slide, berenang, trekking, berfoto<br><b>Deskripsi:</b> Kompleks air terjun bertingkat yang viral di media sosial karena menawarkan pengalaman natural water slide di bebatuan alami. Sangat unik dan berbeda dari air t...\n\n*📋 Rekomendasi berdasarkan: perjalanan solo, suasana tenang, budget hemat, hobi mendaki, hiking.*\n\n💡 Ada yang mau ditanyakan lebih lanjut? Atau mau saya carikan alternatif lain?', '2026-04-29 07:45:35'),
(153, 5, 'user', 'Wisata budaya', '2026-05-04 06:01:16'),
(154, 5, 'assistant', 'Baik, kamu tertarik wisata <b>budaya</b>.\n\nSebelum saya rekomendasikan, boleh tanya dulu:\n\nKamu pergi bersama siapa?\n- Sendiri (solo)\n- Berdua / pasangan\n- Keluarga dengan anak-anak\n- Rombongan / grup teman', '2026-05-04 06:01:16'),
(155, 5, 'user', 'sendiri', '2026-05-04 06:01:16'),
(156, 5, 'assistant', 'Sebelum saya rekomendasikan, boleh tanya dulu:\n\nPerkiraan budget per orang untuk tiket masuk:\n- Hemat (di bawah Rp 20.000)\n- Sedang (Rp 20.000 – Rp 100.000)\n- Premium (di atas Rp 100.000)', '2026-05-04 06:01:16'),
(157, 5, 'user', 'sedang', '2026-05-04 06:01:16'),
(158, 5, 'assistant', '<b>Rekomendasi Budaya Terbaik untuk Kamu</b>\n\n<b>1. Tirta Gangga</b><br><b>Lokasi:</b> Karangasem<br><b>Kategori:</b> Budaya<br><b>Rating:</b> ⭐ 4.7<br><b>Tiket WNI:</b> Rp45,000<br><b>Jam Buka:</b> 07.00-18.00 (WITA)<br><b>Aktivitas:</b> Berfoto, berenang di kolam kerajaan, piknik, trekking<br><b>Deskripsi:</b> Taman air kerajaan dibangun tahun 1948 dengan kolam bertingkat, patung-patung khas Bali, dan air mancur yang sangat indah. Dikelilingi sawah hijau dengan latar ...\n---\n<b>2. Pura Ulun Danu Beratan</b><br><b>Lokasi:</b> Tabanan<br><b>Kategori:</b> Budaya<br><b>Rating:</b> ⭐ 4.8<br><b>Tiket WNI:</b> Rp50,000<br><b>Jam Buka:</b> 07.00-18.00 (WITA)<br><b>Aktivitas:</b> Wisata budaya, berfoto, naik perahu, menikmati udara sejuk<br><b>Deskripsi:</b> Pura megah yang berdiri di atas Danau Beratan di kawasan Bedugul. Dikelilingi pegunungan hijau dan udara sejuk, pura ini menjadi salah satu pemandangan paling i...\n---\n<b>3. Pura Uluwatu</b><br><b>Lokasi:</b> Badung<br><b>Kategori:</b> Budaya<br><b>Rating:</b> ⭐ 4.8<br><b>Tiket WNI:</b> Rp30,000<br><b>Jam Buka:</b> 07.00-19.00 (WITA)<br><b>Aktivitas:</b> Melihat Tari Kecak, berfoto, wisata budaya, menyaksikan sunset dari tebing<br><b>Deskripsi:</b> Pura Hindu yang berdiri megah di atas tebing setinggi 70 meter dengan pemandangan Samudra Hindia yang menakjubkan. Terkenal dengan pertunjukan Tari Kecak saat m...\n---\n<b>4. Desa Wisata Penglipuran</b><br><b>Lokasi:</b> Bangli<br><b>Kategori:</b> Budaya<br><b>Rating:</b> ⭐ 4.7<br><b>Tiket WNI:</b> Rp25,000<br><b>Jam Buka:</b> 08.00-18.30 (WITA)<br><b>Aktivitas:</b> Wisata budaya, berfoto, beli kerajinan, menyewa baju adat Bali<br><b>Deskripsi:</b> Desa adat Bali yang terkenal bersih dan rapi dengan tata ruang tradisional terjaga sempurna. Masuk dalam daftar desa terbersih di dunia, dikelilingi hutan bambu...\n\n*Rekomendasi mempertimbangkan: perjalanan solo, budget sedang, hobi budaya.*\n\nAda pertanyaan lanjutan, atau ingin alternatif destinasi lain?', '2026-05-04 06:01:16'),
(159, 5, 'user', 'saya ingin tempat yang ssepi', '2026-05-04 06:01:16'),
(160, 5, 'assistant', '<b>Rekomendasi Budaya Terbaik untuk Kamu</b>\n\n<b>1. Pura Luhur Batukaru</b><br><b>Lokasi:</b> Tabanan<br><b>Kategori:</b> Budaya<br><b>Rating:</b> ⭐ 4.5<br><b>Tiket WNI:</b> Rp30,000<br><b>Jam Buka:</b> 08.00-17.00 (WITA)<br><b>Aktivitas:</b> Wisata religi, trekking hutan, meditasi, berfoto di alam hutan<br><b>Deskripsi:</b> Salah satu dari enam pura utama di Bali yang terletak di kaki Gunung Batukaru, dikelilingi hutan tropis yang lebat. Suasananya sangat spiritual dan tenang, jauh...\n---\n<b>2. Pura Tirta Empul</b><br><b>Lokasi:</b> Gianyar<br><b>Kategori:</b> Budaya<br><b>Rating:</b> ⭐ 4.7<br><b>Tiket WNI:</b> Rp50,000<br><b>Jam Buka:</b> 07.00-17.00 (WITA)<br><b>Aktivitas:</b> Ritual melukat, wisata budaya, berfoto, meditasi<br><b>Deskripsi:</b> Pura Hindu dengan mata air suci yang dipercaya memiliki khasiat penyembuhan. Wisatawan dapat menyaksikan atau ikut ritual melukat pembersihan diri di kolam pema...\n---\n<b>3. Pura Tanah Lot</b><br><b>Lokasi:</b> Tabanan<br><b>Kategori:</b> Budaya<br><b>Rating:</b> ⭐ 4.7<br><b>Tiket WNI:</b> Rp30,000<br><b>Jam Buka:</b> 07.00-19.00 (WITA)<br><b>Aktivitas:</b> Wisata budaya, sunset viewing, berfoto, Tari Kecak<br><b>Deskripsi:</b> Pura Hindu di atas batu karang di tengah laut, menjadi ikon paling terkenal di Bali. Pemandangan sunset di sini sangat memukau dan menjadi spot foto favorit wis...\n---\n<b>4. Pura Besakih</b><br><b>Lokasi:</b> Karangasem<br><b>Kategori:</b> Budaya<br><b>Rating:</b> ⭐ 4.6<br><b>Tiket WNI:</b> Rp80,000<br><b>Jam Buka:</b> 08.00-17.00 (WITA)<br><b>Aktivitas:</b> Wisata religi, berfoto, trekking ringan, melihat Gunung Agung<br><b>Deskripsi:</b> Pura terbesar dan tersuci di Bali, dikenal sebagai Ibu dari Semua Pura. Terletak di lereng Gunung Agung dan terdiri dari lebih dari 80 pura. Merupakan pusat kea...\n\n*Rekomendasi mempertimbangkan: perjalanan solo, suasana tenang, budget sedang, hobi budaya.*\n\nAda pertanyaan lanjutan, atau ingin alternatif destinasi lain?', '2026-05-04 06:01:16'),
(162, 12, 'user', 'rekomendasi tempat wisata alam', '2026-05-08 08:34:32'),
(163, 12, 'assistant', '<b>Rekomendasi Alam Terbaik untuk Kamu</b>\n\n<b>1. Jatiluwih Rice Terrace</b><br><b>Lokasi:</b> Tabanan<br><b>Kategori:</b> Alam<br><b>Rating:</b> ⭐ 4.7<br><b>Tiket WNI:</b> Rp40,000<br><b>Jam Buka:</b> 07.00-18.00 (WITA)<br><b>Aktivitas:</b> Trekking di sawah, bersepeda, berfoto, wisata budaya subak<br><b>Deskripsi:</b> Hamparan sawah terasering terluas di Bali diakui sebagai Warisan Budaya Dunia UNESCO. Pemandangan sawah hijau berlatar Gunung Batukaru sangat memukau dan autent...\n---\n<b>2. Kintamani Gunung Danau Batur</b><br><b>Lokasi:</b> Bangli<br><b>Kategori:</b> Alam<br><b>Rating:</b> ⭐ 4.6<br><b>Tiket WNI:</b> Rp25,000<br><b>Jam Buka:</b> 06.00-18.00 (WITA)<br><b>Aktivitas:</b> Pendakian Gunung Batur, kuliner dengan view kaldera, bersepeda<br><b>Deskripsi:</b> Kawasan wisata alam dengan pemandangan spektakuler Gunung Batur aktif dan Danau Batur yang luas. Tersedia jalur pendakian, restoran dengan view kaldera, dan pen...\n---\n<b>3. Air Terjun Leke Leke</b><br><b>Lokasi:</b> Tabanan<br><b>Kategori:</b> Alam<br><b>Rating:</b> ⭐ 4.5<br><b>Tiket WNI:</b> Rp25,000<br><b>Jam Buka:</b> 08.00-17.00 (WITA)<br><b>Aktivitas:</b> Berenang, trekking, berfoto, jembatan gantung, alam tropis<br><b>Deskripsi:</b> Air terjun cantik di Tabanan yang dikelilingi pepohonan tropis dengan kolam alami berwarna hijau toska. Perjalanan menuju air terjun melewati jembatan gantung y...\n---\n<b>4. Gunung Agung</b><br><b>Lokasi:</b> Karangasem<br><b>Kategori:</b> Alam<br><b>Rating:</b> ⭐ 4.8<br><b>Tiket WNI:</b> Rp75,000<br><b>Jam Buka:</b> 00:00-23:59 (WITA)<br><b>Aktivitas:</b> Pendakian, religi, fotografi<br><b>Deskripsi:</b> Gunung tertinggi di Bali dengan nilai spiritual tinggi...\n\n*Rekomendasi mempertimbangkan: perjalanan solo, budget sedang.*\n\nAda pertanyaan lanjutan, atau ingin alternatif destinasi lain?', '2026-05-08 08:34:32');

-- --------------------------------------------------------

--
-- Struktur dari tabel `chatbot_sessions`
--

CREATE TABLE `chatbot_sessions` (
  `user_id` int(11) NOT NULL,
  `has_visited_dashboard` tinyint(1) NOT NULL DEFAULT 0,
  `updated_at` timestamp NOT NULL DEFAULT current_timestamp() ON UPDATE current_timestamp()
) ENGINE=InnoDB DEFAULT CHARSET=utf8mb4 COLLATE=utf8mb4_general_ci;

--
-- Dumping data untuk tabel `chatbot_sessions`
--

INSERT INTO `chatbot_sessions` (`user_id`, `has_visited_dashboard`, `updated_at`) VALUES
(1, 1, '2026-04-29 06:27:25'),
(5, 1, '2026-04-29 07:46:10'),
(10, 1, '2026-04-30 04:47:39'),
(12, 1, '2026-05-08 08:33:34');

-- --------------------------------------------------------

--
-- Struktur dari tabel `riwayat_kunjungan`
--

CREATE TABLE `riwayat_kunjungan` (
  `id` int(11) NOT NULL,
  `user_id` int(11) NOT NULL,
  `nama_tempat` varchar(255) NOT NULL,
  `kategori` varchar(100) DEFAULT NULL,
  `kabupaten` varchar(100) DEFAULT NULL,
  `rating` float DEFAULT 0,
  `catatan` text DEFAULT NULL,
  `tanggal_kunjungan` date DEFAULT curdate(),
  `created_at` timestamp NOT NULL DEFAULT current_timestamp()
) ENGINE=InnoDB DEFAULT CHARSET=utf8mb4 COLLATE=utf8mb4_general_ci;

--
-- Dumping data untuk tabel `riwayat_kunjungan`
--

INSERT INTO `riwayat_kunjungan` (`id`, `user_id`, `nama_tempat`, `kategori`, `kabupaten`, `rating`, `catatan`, `tanggal_kunjungan`, `created_at`) VALUES
(1, 5, 'Pantai Kelingking Nusa Penida', 'Pantai', 'Klungkung', 4.8, '', '2026-04-29', '2026-04-29 07:48:00'),
(2, 10, 'Air Terjun Sekumpul', 'Alam', 'Buleleng', 4.8, 'tempatnya bagus, rekomen banget', '2026-04-30', '2026-04-30 04:58:18'),
(3, 10, 'Air Terjun Sekumpul', 'Alam', 'Buleleng', 4.8, 'keren banget', '2026-04-30', '2026-04-30 05:07:39'),
(4, 5, 'Pura Besakih', 'Budaya', 'Karangasem', 4.6, '', '2026-05-04', '2026-05-04 06:12:13'),
(5, 12, 'Air Terjun Sekumpul', 'Alam', 'Buleleng', 4.8, 'tempatya sangat bagus', '2026-05-08', '2026-05-08 08:38:37'),
(6, 12, 'Air Terjun Sekumpul', 'Alam', 'Buleleng', 4.8, 'tempat ini sangat bagus', '2026-05-08', '2026-05-08 08:48:43');

-- --------------------------------------------------------

--
-- Struktur dari tabel `suka`
--

CREATE TABLE `suka` (
  `id` int(11) NOT NULL,
  `user_id` int(11) NOT NULL,
  `nama_tempat` varchar(255) NOT NULL,
  `created_at` timestamp NOT NULL DEFAULT current_timestamp()
) ENGINE=InnoDB DEFAULT CHARSET=utf8mb4 COLLATE=utf8mb4_general_ci;

--
-- Dumping data untuk tabel `suka`
--

INSERT INTO `suka` (`id`, `user_id`, `nama_tempat`, `created_at`) VALUES
(2, 1, 'Pura Uluwatu', '2026-04-29 02:44:55'),
(3, 1, 'Gunung Agung', '2026-04-29 02:44:56'),
(4, 1, 'Pantai Kelingking Nusa Penida', '2026-04-29 02:44:57'),
(5, 1, 'Air Terjun Sekumpul', '2026-04-29 02:44:58'),
(6, 1, 'Pura Ulun Danu Beratan', '2026-04-29 02:44:59'),
(7, 10, 'Air Terjun Sekumpul', '2026-04-30 04:57:56'),
(8, 10, 'Pantai Kelingking Nusa Penida', '2026-04-30 04:57:57'),
(9, 10, 'Gunung Agung', '2026-04-30 05:07:29'),
(10, 10, 'Broken Beach Nusa Penida', '2026-04-30 05:07:30');

-- --------------------------------------------------------

--
-- Struktur dari tabel `ulasan`
--

CREATE TABLE `ulasan` (
  `id` int(11) NOT NULL,
  `user_id` int(11) NOT NULL,
  `wisata_id` int(11) NOT NULL,
  `rating` int(11) DEFAULT NULL,
  `komentar` text DEFAULT NULL,
  `created_at` timestamp NOT NULL DEFAULT current_timestamp()
) ENGINE=InnoDB DEFAULT CHARSET=utf8mb4 COLLATE=utf8mb4_general_ci;

-- --------------------------------------------------------

--
-- Struktur dari tabel `users`
--

CREATE TABLE `users` (
  `id` int(11) NOT NULL,
  `nama` varchar(100) NOT NULL,
  `gmail` varchar(100) NOT NULL,
  `password` varchar(255) NOT NULL,
  `role` enum('admin','user') DEFAULT 'user',
  `tanggal_lahir` date DEFAULT NULL,
  `jenis_kelamin` varchar(20) DEFAULT NULL,
  `foto_profil` mediumtext DEFAULT NULL
) ENGINE=InnoDB DEFAULT CHARSET=utf8mb4 COLLATE=utf8mb4_general_ci;

--
-- Dumping data untuk tabel `users`
--

INSERT INTO `users` (`id`, `nama`, `gmail`, `password`, `role`, `tanggal_lahir`, `jenis_kelamin`, `foto_profil`) VALUES
(1, 'ngurah surya', 'surya21@gmail.com', '$2b$12$c2EGfBlYB2bZFDA4WY5e1e5CrlgIWH2YPTnC4I8hpXza6IilLwPI.', 'user', '2026-04-29', 'Pria', 'data:image/png;base64,iVBORw0KGgoAAAANSUhEUgAAAS4AAAEuCAYAAAAwQP9DAAAAAXNSR0IArs4c6QAAAARnQU1BAACxjwv8YQUAAAAJcEhZcwAADsQAAA7EAZUrDhsAAHKZSURBVHhe7Z0HeFvV3f8FkYCWERJb95wrh3hk2Q500fV2vHTR0peV2HdJspMwmv9bWt7u3eJOINjWPfdK8sgEChRC2RA7CSSsUlZboFBGKSGJd/bevv/nd67kyEdXsmTLKzmf5/k9EOuOozu+OuM3XC4OZxyAJeMib2VtBft3DofDGZNghVQKCnnDdYlxOvsZh8PhjDny5yy6zDdvqYVUfQH7GYfD4Yw5Jlfc8hVx/vK9YlXzC6K/Lp/9nMPhcMYWlxinI9V4zbfgVgup9d9mP+ZwOJwxB1LMet/8FRZS9B6XXHMa+zmHw+GMKZBq1MG8lljVbGGFPMp+zuFwOGMKLJFbQLSwFrbEqiYLafqn2G04HA5nzDB5Tuiror/BEv1RSww2W0gznj57zo157HYcDoczJvDKt2BRC79Ih4eqYfnmLYf/LmK343A4nDHB5EtqzkFK6DnfvGUWVoklBhospIU35l2xyMduy+FwOGMCQQ59T6xeamHVpL0tMdhoIYW8zW7H4XA4Y4J8pf5/cCC6TQxEqWhhzbTEQKOFZENht+VwOJwxgaDo7/iql9AhYp9wBZusfK3uo+y2HA6HM6oUzq85A6nkd2JV8yEQKypaMClfvRj+uxJV1Z7J7sPhcDijCpLqPwl+Wtgf6RMtKlzzV0Dv60Z2ew6Hwxl1kKyvhiFhomjRnlfVkoNChf59dnsOh8MZVfKl0KXYHz0sMr0tEDKkkjdcLtcp7D4cDoczauTPuXEm9ke3g8tDv95WTLiwSl5h9+FwOJxRRVCMm+xVxP6iBT5c4BLhlfRvsvtwOBzOqFGsEYRVc3efzxYzv0WHjpJRzu7H4XA4owZWie6bt7Q3SbRiwoWDjVaeFvo4ux+Hw+GMCqLfLMWBhjbI/JAkWuAGUbXY8ir6nZODxjnsvhwOhzMqgG8WzbMV95BnhWvecohP/DG7H4fD4YwKqKpWwKqx13FuKy5c80G4jN+y+3I4HM6oIMi66Zu3xHluCwwm5qsWW0gK8R4Xh8MZfSbK+keQP7IJcmwlCVbMaDYIhfyH59/icDhjAkGqnwvDwFRzW1S4qMe88SK7L4fD4YwKSA61Qo+KFSsH4fobuy+Hw+GMON7Kus9gLXxU1PrHJLLGhYvD4YwZkFR/r51HPlmskoRLMf/O7s/hcDgjCqpqEEQ18qQvVrUnndnCRbhwcTic0QVrhlQwwKS8bRBc3QDB1Y3sMTgcDmdIvHvfmULbo66PWDWuU9nPkqhZ7xagInUGvS0ao+iPWKgidDl7GA6Hwxk0b97l8u1c736tc/WEL7GfOeGVI2chRd+XKi6xv3CFqXjlXcGDqzkcTo7Y1OqavP0Zz/P7nvHs6ll72kz2cyewFv64qJl72QynjhYTLqRFZrPH4XA4nKzZ8KgL96z1vGC9eZrV1XpaDft5KpBqPGAHVDsIFWtcuDgcTi7Z9MiE5iPPeyzrJY/V0+rJqPLOxCv1c7Fmroc0NUki5WRcuDgcTq7oWjXhy7uf9Oze9aTH2v2Ue0/nYx6V3cYJQa6vitVGzMxiwoWDjTzzKYfDGTwbHpvw9V1Pevbsespj7XnKY3W0uF+xrMwq72DVrIDcWkkClcriPS6FnM8ei8PhcDICVg53P+nZBYLV2eqx9j3tsbpXu19jt3MCVd1+JlbNO3xsvcR0Br0tLWx5K275LHs8DofDGZD1613urjWelw8/b4tW12oYJnqs9lb3Q+y2TuTPbRKpQ6k/nCxQqSzmx5VfUbeQPR6Hw+EMSNfqCTftfdoWLLCetR5ry1qP1bXGcwG7rRMTAw2TsEIyc4NIMMgeIciklT0eh8PhpOTlZpenvWXCb6CnRYUqQbi2rvVYnU94Mlrx80r6z8RAw1HodbHilM7s7BDmq+zxOBwOJyWbHnF9cud6t7V93XHRosK1xmPtfNJjbW71fJjdxwmkGI/7qjP030oSLp7WhsPhZAg4mW5Z63lyT8IQMW4HnvVYXS0Tlnevd53F7ucEVoxHnKtUpzcuXBwOJys6W9zN1t+TRQvs6Aseq6vV/V12H0cubPYIMsnc8ZQLF4fDGQxdradfvPspdyc7RIwbeM13trh/xu7nBOSWx8GmfXSV0EGc0hkIF1aNF9hjcjgcTj/+85ALdbZ6tu995rjrQ6LB3yDUp7tlwq/ZfZ3ACrnOLoqRLEwDGeTjEhRjw7kVtYXscTkcDofy+krXad1rJhggWt1rkkULbOd6j7VjnXvj5kcym5gXZP0bGQdWO5hYvRRcIn7OHpfD4XAoMEQ89Nf+rg+s7X/GY3Ws8jzH7psKJOsLhiJcvJI1h8NJyTurXN6u1Z51iY6mTrbvGZiY9zzP7p+CUwRJvyGr4GpWuOYtt5BKfsoemMPhcFybV7mXWH9LFirWqHCt9mQ0YY7m1gqCTNozyniawsCNAslkiWt+zRns8TkczklM21rPR/c+427fsT5ZqFgD4epsdWfkoiDKZCpSyFGIOWQFKWODLBGqeViQ6jMKL+JwOCcBkJams9UTOvai8ypiosGE/Y514ApxSkYrij617jykkINDEy672k+BYma0GMDhcE4COle7PgWT8VseTxYq1uKT9ptaT5/OHseJnAmXP2rlKfVfZI/P4XBOQsD9oW2VuzU2bzWgxYWr7bHMimPkRLj6POj1Z9jjczick5C21gmX7XrKcyST3lY/4Wo5bRZ7LCdyKlxK6F/s8TkczknGO6tcp3esdq+zJ9uTRcrJRk24YFXSH+maLNV/kj0Hh8M5idi8yvMhmGzPtLc1msIF5pu/wsKa/gf2HBwO5ySircX9x/2QnsZBoFLZqAoXpMXRzDtQVe2Z7Hk4HM5JQNsqz0f3PO3ZDHGHrDils9EULrq6GGyyxIBxIXseDodzgmO97PK0r5pQDxkeMp3bGhPCBcU2go2WV9F53CKHc7LxfotL7GjxHNqaxdxWonB1rPL0vvfgaAgXrC42Qp3Fd9nzcDicE5z2ljM+373G05suA0QqA7HrWOU+vPkR1wz2uE7kWrjocLFqyUGkmt9mz8XhcE5gOls9Tx74S7IoZWIgXJ2t7kPdra6R85xnzDdvGWSLuAMyT7Dn43A4JyAbH3VN2rrW8zIkCmRFKRMb9R4XGARd+6O78/0kozZwOJxxTnur+3rIF88KUqZGhavFfaztMdeIhvywRgtvyKEb2fNxOJwTDMvlOqWj1f2LoQjX6K4qHjfIFoFVYzua2yCw5+RwOCcQW9a4fJ0t7o2QloYVpExtrAgXmG/esl6k6nXsOTkczgnE+w+dXgxDvcGsJo5F4RIDtmsEkmqL2fNyOJwThLbVEy6HuMSeERSuWAbU3uEQLjCxeokFdRvZ83I4nBOErtXudYNdTRyscBXOX3EGkshDscKuOTdwSBUUnqeLwzlh6V7teSHThIGpLNtEggBSyFVDKU+WzkToyfkb9qNK/QvseTkczglAR4vnr7kSrq5HTy9hj58KQQldO1zCBeabv8wSVfNe18JmD3tuDoczjml/bMLF29e5t217IlmMsjHI3wXH6Fzlvp49RyqGWsl6YDMtXNV0yKuEPsuem8PhjGO6Wt01vYPIBuFksYKwL7LnSIVXDn3Lt2CFg+DkzsSqZgvL+sPsuTkczhims7Cw6J3J089h/x6ns8X9s6E4niZaNgVhgYmV+hcEf7SHzkc5iE4uzJ7rihzNl+ovYs/P4XDGKG3FpWZncXnKfOy5FC7ImtrZ6nmWPUc6oDdEM5g6iE6uzFe91MKK8Th7bg6HMwZpm1r6ra0l5fvbiktTrvTlUrh2PwX/db/V0+IS2fOkAqmkZbiFiyYaDDQexlL9dez5ORzOGKJ3+vTTO4rKdmwvmW11Tv1QSg/yXAoX2KHnIEvEqT9kz5MK6ssFgdFJYpNbA296QdF7Js7Xz2XbwOFwxghthaXkwLTzj3UUlx7tmnpBSheFrlXuG3IpXEdf8Fgghux5UoEloxyp5r7hnOeKGx0yyiGdbQOHwxkDtE8t/di2krLtO6fNttoHEK6OVRNuPPzXZAEarIEIdqxy/yLTZH6ivzkfq+ToSAgX9LrEYNMGVBmZzbaDw+GMMm1Fpa/vnTbb6iopH1i4WicsOpRD4aL+YGvc295rcWUU+jNFWjIZq8YrsXQ0w2zE8s1fbnml+ka2HRwOZxTZVFjq31VSfri7uMzqzkS4ctzj6l7rsXash4DtzEN/sEaqCqCoq0ocxCbHpoUhZ1evoBjXsu3gcDijQHd5+Vk9xWXPHJh+vtWeqXC1uH+VyzkuyDBBe11rT7uSPVcqsGZcIlYt3k5TL7NCMwwGq5jIH31JXNj8QbYtHA5nhGkrLPvm/mm2aHVkKFy5XlUE2/c0/Nf9CnuudAiq8djwhv/0NxAvQQktY9vB4XBGkE1TZhS0F5a+v72knIrWaArXnqfoyuIbm+5xfYA9XyoE1TDEquajNL7QQWhybfZigHlYVEIfY9vC4XBGiPenzgT3B6szJlqjKVwwXNz1lPtIe8upGc8jTQ00TMIKOSD6o0kiM1xGh4wKeZptC4fDGQE2F5TN6C4q27Qjobc1msIF1vsi9Lo8v2fPl4rpQeMcQQm9MTKrizGDObVg0wEkkW+7ZHkC2yYOhzOMdBSVLjyYMLeVjXB1rHLfQEXGQXyGYruehFQ37r+33e/KY8+ZCqSENSjqmiQww2kxoZwk10xl28PhcIYJy+U6dXNR2duJc1uscG2bNvs8dr84HY+5vr71cffuoebjYg3yc0G2iM2PTfgSe85UTJHqJ4taZD2tjcgKzDAaOKZiLfKnSfLNE9k2cTicYaBzarm8raT8GIiUk3B1FJce23jerI+z+yXS2ep5bqgZUFkD4YKg67aWUx9jz5cOJOtLhj/omjXTKrjqNkuoCC1k28PhcHLM697yszqLyp6FSXlWtOK2C8J+Cmfdw+6bSPfq3AsXGAhXzxr3hp3PuCax50zFJIWcj1Xz2EiEACWaPbdmvoM0Hg7E4QwrbcWz5L3TZvcmriSyBqE/HUWlaZP7dbV4Xt73bLLw5MKOPO/p7VpzWg17ztRYpyBFv98HmUsdBGb4jFi+ecthlfEl14ULeY56Dmc4gLmt9sJZvwWHU1asEm2PLVxpy3S1PzZhDq2ruCZZeIZqNA6y1X3r6ytdp7HnTYWohD7rCy7eh7WR8enqMwgHCjYdQZX6/7Ft4nA4OWDLrM+c3VZYumuLw9yWg3Cl9VVqX3vGVKjSM5RK1qkMxHDHOs+xzas8H2LPm5KamlORYtwHVXqSxGW4zR+hzqnCXF5MlsPJOZvPK/vt9pLytMPEuHBtLpr1HPTQ2GPE6V51+rSu1Z7dWx9PFp5c2N6nPVZHi/tu9rzpQFL9J7E/fHik57rAILEh0sIvwrCVbReHwxkCmwvL1qSblI9bT0m5tbW4bF970cyUQc9WjevUrhb3z4fDERUMskVsf8KzqyubXhf169Lvp1V6HMRleM2k1YGQSu5AVbVnsu3icDiDoL1k5ue2l5R1bh1gmAgGTqlHZ1xgtZeU/pQ9TiLtLe7vQPZSVnRyZcfAyXWVJ6s8WIKk/xcONh0c8bkuMJjvAvGqrP0U2y4OhzMIOkvKrzoGYuQgVE52aPr51uaSmd9lj5NI1yrXh7rXuNt2rk8WnVwY9Lq2rHW/1/6wK3MP9Ytq3KIWXjkqc13URSIKnvWv+yQ9o6SIHA4nBS+7XJ724pnNdNLdQaSc7OD08622opk3pJvnArpaPc8e+Euy6OTK4NidLacuYM+bDqTpn0L+6P7RmOsCK1hwG7hILGbbxeFwsqC7sBy3FZUdhLkrVqBSWU8x9aDft7mkbAZ7vEQ6Wk79FfS4hsMtAgziFzta3G9n4xoBCHLdn0femz5mMEz1Rw9iKVTNtovD4WRI97Ty6R1FZYezEa7u4nIqXgMJV9fjZ6KOFs+R4VpdhHQ3e5/2HG1vdX+bPXc6JsnNE7FmvjbSMYxxo171/sjh/MpFn2fbxuFwMqC9qOzePdPO72XFKZ2BcHUVl1mbpsz8BHu8RNavd7k7WybcOlzDRchAAR76W9a6X93yoOts9vzpENTQQrFq8cGRSu/MGpQ2Q5pxn0teydPfcDjZ0lFU+sRA3vKsga/XDjtmcUBfqs5Wz9VHnvccY0UnlwbC2L7qlDr23AOBFf2d0ep1gUFqaa9c18S2i8PhpGGlyzWhrbDsyb1ZChcYTOa3F5e9xB6TpXu966yetZ4X9g9T7CLY9nW017W9/WFXKXv+dIgSuRgm6rE2OhP1dMioRXZMurIuZZogDofDsHlq6aU7S8p325PtyeKUzrZBbq6iso73CmZ8mD0uS3vLhBBkdoDUNKzo5MrAZ6yjxb3csjIrHBtHUPRbR22iHsQr2GSJWvQNJJnFbNs4HI4Dm0vKvkOdSR2EKRM7DP5cxaU/Y4/LsnnNaTO2PjE8sYtxgwWAvc949mxZ7bmQPX86JgeNc5AW7hGDjUmiMjJmZ5EQpPq0qYI4HE6MzdPKF4JPFitImRoIV3vxrJ+zx2XZ9JzrA52t7pWHnvNYna3JopMr2w9+Xa3u29nzD4Qg1d9AhWs0POrBYKgabNyPVb2CbRuHw2HYXFT2HSj2ygpSpraluMzqKirrAZcK9tgsnasnfOnAs55dkO6GFZxcGaSL3va451Db/ZlXvY6DFeNu30hVv3Ywmu7ZHz2MKm/miQc5nFRsnHrBpLbCWf90yi2fqcHq4vaS2VZX8awL2OM70d7ieezgc8mCk0vb8zQtqvHW5lWuKez50+FTjc/gQOO2kSxnxhrNIqGQZrZtHA4nRvd506eBL5ZTbvlsDFI5dxSXPsge34mONe6PQ69oOOe6wLeLZqVocX8fslSwbUgHDBlHvCpQPzOtggUrQLx+w7aNw+HQohgzi9uLSo9k4zHvZDG3iH+yx3fCAofU1Z4/Hxjmua4d6yBLqmfnhvWuM9g2pMNXHc7DmvmX0Ul9YxsMGZE/0iZUhFKWgONwTlpyJVzQa9s/bfa+zuKya9hzONHZOuGLB57z7B7OXlesItCx7jXu5u6VrrPYNqTDWxn6Kq2NOEpB2HSVsZo6xb42ee7NWQ13OZwTnlwJF7hSHJ5+gdVeWJqxB3j3avdDNHe8g+jkykAYj73gsdofnZAy4WEqkEx+Z/e6RmmVEbzqF6yw8iU9zLaNwzmpyZVwgYEDa3dR2c6N583ysedxorPV/Unwuxqu4Ou4gdNrR4v7H72rXKezbUjHmXNrBSTru3xVTaO3ygi56oON25AcUnjKZw4nRi6FC2z3tNlWW2HZL9jzOAGT5u2r3PfZflfJgpMrg+wRIF7tj516LduGgRBU8mUx2LQNj9oqI7F8wWaYqN8OCRDZ9nE4JyW5Fi5YXdxcVNq5obAwownx9lXuz+15ytMLq4ys4OTSII5x37OeA91PuD/DtmEgBEm/3Td/+aj1umiu+mDjUaQaIfGy5g+y7eNwTjpyLVxdJeUWVAnqmFqaUdl5iClsb3X/1K5OnSw4uTLo0R3+K7hJuG+zrCzdIzSCsEJeGM1VRki7A+KZX1l3Gds+DuekI9fCBQa56LuKSpe+Xl6eUUZSCAXqaPG8C/njWcHJtUEQ9qZHJ/yBbcNATJZCkjhv6SiuMsZcJFTzRRyIFLLt43BOKoZDuLpp1oiyo5uLZ2ZcNqyrxeO3Xk4WmlwbeNTvetL9786W04vYNqSlpuZUQTVvhCwOrKCMpNm56o072eZxOCcVXVNnlLQXlR7LpXCB7S6ZbW0uLB0wwWCc3evPyt/+hLsFhIUVm1xafMjY9tipq9k2DMQk+eaJgkx2iKO+ytjUI6jGlS5XTVZDXg7nhKFdLJnaXlR6INfCBbUZtxeX72orLPsoe85UvH2/q6x7jefwcE/UwyrjtnUeq2PVaRLbhgE4Bavm131VTVtGdZWxqslCkr5LvKyGT9RzTk5ed5Wf1lY0S9+XRVmyTIwWjJ1+PgRg32ZddFHGy/idqyf8ergqXyfavmdgMcC94Z1VrnPYNgyEIIf+ZGeQYEVlhEyjq4y9WCE3uy5s9rDt43BOCtpKyq+CCXVWfIZqEAa0o3j2wbbC8o+w50zF5jWuGTufdHfCKiMESrOCk0sD8WpvcTf3vpOdY2rB3JunINV4cVTnu2DIWLXE8krGJWz7OJyTgs0lpd/tHUIG1HS2u+R8q624dCV7znR0POb++PZ1noPDPWSEnGAgkJse8GSUjicRr0TkggW3UjeFJFEZIYO5NkEhz/MhI+ekpGNa+SV7Smb3bMnxPBcYzJ1BXvoNhTO/zp43HR0t7keGO1MqGBST3bXe80Ln+uxWGadfYpyONeMWmvhvtDKmUsfUZiu/slZh28fhnBS0FZWuyrY8Waa2c9psa1tR2YZOVJixOGx93nXOlic8L0DJseEeMlp/91htre4b2DYMBLq49kyskj0+OmQcrVXGKKwy7kCVtZ9i28fhnPB0FJc9d2CYhAuGoIemnW+1F5X+hD1vOtpXea4B4RrO1DdgEOTds9azu70lywwSNTWnin5zDg42bQc3BVZURsagyAYkPSRLyuWVGTn8cjgnDO3F5cEtxeVHIGSHFZ5cGAwXO4tKd742ceok9tzpaHtsggmpb4az1wXDUThH92r3q+z5M0FQycrRLG1GVxn9USuvoi6repIczrinrbQ0rwvS0gyTcEFe+p3TZvduKS69B/Lcs+dPxYaHXaU7n/RsoauMwzjfBXGSB5/zHOpocX+fbcNA5PsbZyDVODp6vS67LiOS9dWu+TUZBbdzOCcE3eXlZ3UUl925j5YaSxaeXBiI19HpF1gbi2ZmNSRrf8z92V1PevYO9yojTNR3r3Fv2rr+A1lmHK051SvpRAw29bKCMmKmhal4CTKpYlvH4ZzQbC6c+fW9JbMPgf8VKzq5MhgybikpezvTikBxYJXxyAvD2+sCoxkkWj2r2PNnAtbCT4/mkBFqQiJFb4PQJLZtHM64AZbsvXPr5UwzZ76C0Jmbi2b9be8wTdKDQW+ud/oFUBEoq4rNm1pdk7c87nn2wLPDO9+1/QkaiL2jrWXCV9g2DIRX1SuwP3ps9Hy7bPcIXGFklMiRwxmTTJKbJwqq8Sf27+noKCwlu0pm98KwjhWdXBlkj9hVMnt3e1HpN9jzp6NjtWf+0eeHd5URenT7n4X/n7DhP2tdWfdcvHL9y3aRi1FyjwDXDC28QbicILZtHM74QK45DSnGy15F/xr7USp2Timf3FZUum84nFHjBr0uKEDbXVLe+/7UmV9m25COtlXuGltYhtf2PQtB2J4b2fMPhFcxP4z90R1iYLSCsA3LN2+5JVSQH7Bt43DGDZCrHGvhu2HYyH7mhOWSJ3QUlf4KJtGHa5I+bvumnW/1FJWutVyZB2G/f59L7Gp179r79PDOd8Eq5ta17q6ux8/MuuciSHqtWNV8dLQ86iFTK5LJKh4KxBm3IMV4W4QJY6mxnP0sFe8WlMzYVlT+zo6S3GaMcDIQr7aisjst14UZZzlob3F/fs9Tnm2QR54VnFwaZKnobPVkXG4tzhSp/gNIIVtHrdcFc2zUNSNaxraNwxkXIIW8CSlYkKz/mf0sHf+ZMvMTsAKY6zxdrMFc2pHpF1ibikqzCrlpe3TCkmMvJotNLg086rev8+zuWjUhq+EsLIYIKvkOLbChjNJcF+THl0jGiRw5nDEFFa7qpRaEpSBNzziebaXLNaG9uPQeWGEc7iHjzpLZ1o6S8nfbiktnsu1IRft6V37XGs+zkJqGFZxcGQxFIeSoo8X9Gnv+gcAVkUIcaHgTXBRYURkJE6EKd6BxqyiTz7Ft43DGPCBcYrDBshPfmcsznesCrPLy03qKyl6F4dxwihccm853FZe9+25B2Qy2HanYvMo1ZdsTbupVz4pOrgyypYJHfXuLJ+uajFgmvxKrlxwZnUrYxCq46jboaf+abReHM+axhctOvQLxbEgh57PbpGPDebMWQI8Iho3DLV6QnWJHSfmbPVn0vDpaT6uBXle3g+jkwsBnDFYxtz3h+WvHKpeXPX86CufXnIEVo5v2fpKEZfiNhgFp5urCK/Vz2bZxOGOaPuE6Hs/2IOROZ7dLx8bCsm9CnCHkkR9u8To4/Xxr89SZL22a4voA245UtLW4l/a+OHyrjCBedKJ+9akae+6BEBTjuzR7g5IsLCNhYvViS6isy3KOjsMZZfoJlxahcx9ehVSy2w1EZ3HZNZBXa7jFCybrd0GFoPNmfYdtQyraWtz/tfdpz7bhrMsIcYydre632XMPBK6oLRT90TdowkEHYRlus+MXQ+vYdnE4Y5pE4bIf5EYYMnZOkslUdtuB2FhY9r+7ICngMIsXiOPuktkHNxaVzmfbkIqO1tMvodWwh8mrHo574C+egx2rPBlV6E4EySGdrjA6CMtwW2ya4N88fpEzrmCFCwwCgQU59Ct220yI97xAwIYrLAhEcVtsXq2juCyjbAfvrHKd3v6Ye/1w5e6CY8IK4/Z1nr/ufjq7ua68ytovINU4MFolzXzzlvYKivlLtl0czpjFSbhoCpSqxZag6P+P3T4TNk2deU1XcWknCNhwiheEBe0qKT+cac8LJs93rHO/OpyrjDDX1bP2VNXKcp4QqcbLozVchDk2QSWmayEvZcYZJzgKV3yiXjXbvfItmN0nE7q9NH/Xn3qnf4gKzHAImC1eds9rc1FZNdsGJzY9eqof4gyHKxB713o61/UOe96BwFL9JXbwdbKwDLtppoW08OF8zci4OC+HM6qkEi4wX9VieKgfgWBsdr9MAD+vHdPK5rQXl/0LXBkgMDvXc1/2sBHmvMoPby6aOaB4WZbrlPYWT2jP057e4XCRgGSG3avdBzpWuS5iz50OdHltsaAa742KawQtINtkef113BmVMz5IJ1xgkEkA+yMPeeXIWey+mfJuSYnQVVR2U09R2RHqSJrjMKF4z6unuMx677yZA5bi2rDCdUb3ave/DkJ5MwfxGapBQsP2VZ4Ie96BQAppHq0K2DBMFRT9XrZNHM6YZCDhAoM5ECSRhy4cYjn3DQWzvri1qPyPu0rK9+2bNpuWJWNFaLAG4gVuEp1FpW2bpkwpYM/N0rF6wte3P+HZDfGGrPAM1cDtYvfT7ve2Pn5axoHrQL5W91Hsj3aORvC1nR2V/JttE4czJslEuMAgntGrGitzUWzh0LSy2W2FM+/tLCp959D08+kcWK7SQe+1FwTuglhK9rwsHS3uX1l/y71jKvTijr7gsTpWn5r14gZWyAaa7M/hHgyngVgiLdw2WarNSmw5nFEhU+ESYR6keomVr+j3uy65PuN4xnS8h4sKtxSVVXcWl74C4gV1G2HIN5R5MFgEAO/6rqKy5ez5WNpazzhv55Oe53cNwyrjzic9VnuL+5/sOQdCkPSb7HmukY9fBF8yQdHDbJs4nDEHVvT3MhEuappp+eYvs3Cg4QGvXDPoOS+Wd6ZPP6ersNS/Z9rsx9qKSjdCkkKYyO8uHtxcGPTeDk8/3+ouKl9qXZg+j9e7D7gu2Pa4PanOis9QDI63da1nz8ZHXRey50xHXmXo43Z65VEQLgg90oxb2DZxOGMOJOn3Zus/ZFdGNh7Nu2LR2ezxhsoGcWbp/mnnf7+9qGxXV3HZMRj6DWY10havC6xNU2cS9hyJWJbr1I5WT2Q40j2DT1fHqgkr2HOmI182LkSqeUQchYIavnlLLUExwlBOjW0XhzOmyJfqL6JDkyx/4X1VSyykGv/wSrUSe8xcsOW8Wb6eohn/3V5c2tJVXLYfkgnCamQ2c2HUx6u4fMvmgulp6yD+5yEXgnqJe3OcuyuWq2tNVkU1FjZ7sKJHaI40h+s+rAZiqUX34LnkE2yzOJwxBdZCHx+McIHRuEbIpKkaN7ik+oyzNWTL5pLyL+0pLl8UL9IBvbBMBWw3BH4Xl785UBLCztYJl+1Y7zm2JYerjN1raCkzq2fNhEvZ86UDq8ai0XGLiJUvU/T/ZtvE4YwpIOvpYIWLmh8ySsBSuvGWr2rJ5bmc+2LZUDirqKd4lrxzWvmz4PoAojSQRz4MMQ9Nu8DaWDjrBfZ4LJ0tnpeob1cOVxmhgGxX6+kXs+dKB5Lqr8KBxn0jX3/RpPdSVEKfZdvE4YwpBMX4dCxDgMODnKHBimOggc6RYH/D+vxK42r2PLmmvbjsmi3FZc/smTbbAoMeWKp5sJ7icmvntPL9ncXlMnucROgq43r3v6BCECtAg7U9T3msjtbT/rRhvSsrNxKs6K+NvFuELVw+Sf8vtj0czpgCK+QTon8IPS7G7DChiCVI+iuoevFlky+pOYc9Z66A1chd08qv2F5c/hxUHAIBY0Ur3usCd4udEJA9rWw2e5xE2h9z/3z/s56jMMxjRWgwBpWvO1s9B7aucmV1HZBC3hh54Yp50Ms6uJJkFSTO4YwokIcJsp767Lmq3Bhklwg20h6Y6G94CivkOva8uQaqXm8rLn8SYiJTJTOEubH24rJmy+VKuWpmvezytLd4emCiPhdDxh3roMfl2dK90pXVEBop5F+jJVxYIZtd8soBHXg5nFFFUPRf0phEhwd5qAapgcErWww0vO6V9PvFYPhjriGGDqXizbxZZ+8oKv9GT1HZTvAFY+e/YDh5dPr51vtTZ/yI3TcOpKPpaZkg734qN+FAPWto8dijnS2nZFWUQpB1P9QAyFVPOFOLCdd/uHBxxjwCXcUaHuGiFss+QFchAw2WIJOHRX/jr8+tqC1k25ILNp4383P7p50f3UHzdfUfPkKCw+3F5a+3l5SnzfDa0eq+6/DzyUI0GLPz0bsfYM+RDqSFZotQtJULF4fjjFfVfyRWjVCZLBCxqmYaXoIUYyP2R/+GNUOaEmi6gG3XUOkoKb1hb0n5uyBWifNdR6ZDObXSb6dL9te19vSSrY+79+WiGjZkXe1qdf+JPUc6RCX0MS5cHE4aJl6pnwuZATIO/cmRQe8LRAyGRDHv/eViVfPPfGr0PLaNg2XnlPLJHcVl68GLPu6BT3PiF5V2Wa7ytHnGOls9TbnwqAfh6mhxZ1U1mgsXh5MBWNVfHY3JYGrwckIcZPViy7cAHC/Je9jf+LwgkUBesGEW29ZseXPWrLN7issf3F5StjeeSmdvyewjm4tn/ZzdNpHO1Z7z9zzt2THUuS5wat33rGd715rTMy4DBo7BvqH41w3SuHBxxhVYIW+PmnAxRp0gaU8sAqlWLBxoWiZoZC7b5mzpLJz1xR3TyrvBcRXmvrYWl7++8bzZ09jtEulocS8+9kKyGGVjsDp57EUYLnoC7PFTgaXacqyYe7F/ZJ1QuXBxxhVYClXTKjMj/Auf1mhPLBwL6ia9YlXzU1gzwkgyi9n2Z8r7U2d9pqe4bDuIF8Q/theWzWG3SWTzI64Z2x537wa3BlaQsjHwyO9Zc1paB9h+XFbzQa8UWhMLqRox48LFGVfgOXoZHoWhSWZGbAED1woo4qGQg9gf/cVgCtcCG0tmfm5nSXnXsekXWG2FpbdbAyQdbFvlXjLUua6shYu6qZBbYpk4Rsxs4dLf48LFGRdgySjHWnjXSA9NBmX+eC+MrlA+hVTzmilfrZ/Mfqd0vFMw/dNbimZthwn7junT09ZB7Hj8tPJdT3r2DCUAezDCBcHroyFcSCabuHBxxgnWKUgmvxvpF2VIFu+F0ZfNeFPQzG+45JVpVwoTea+g6FNbCkt72opmhdjPErFqXKf2rHE39744+OIagxEupBq/Hun7QUN+KvWH4Xlg28PhjEmwTG4sWHCrPTRzeKjHrMWDvBesgGHkamFu/afZ75aKzVNnfql96sw69u8s7Q+fVrr9CXcHFMJgRSkTGx/CZQdZY8m4hG0LhzNmESUyFwebt0KqmuSHenyYWAVpj8OHsUJ+kGlu/HSxi4m0t054HfJrsaKUiQ1GuEZ+qGgLV4FiZCz8HM6YACnGMxBfmPxQjx+jDq3gTOuPPptfWZez6szta0699tBzyaKUiQ1GuJBSHxrZTKggXE2WKBNeGJYzPsi7Uv+CL9CkYsX4z6hUU861xQp7iMHG97Gql7HfdzBsXvWBKduecL+5cxDDxWyF6+w5N+YJsv5SLKJghMwOx+IZUDljmkly88TJUv0nxUBkJZLJYRpoTbNujrM5rjQmQn4wf8Nmn3zLR9jvPxg6Vntusl7OPuVNtsIFPUUaOzqC7ilwrQRFf2SKlN0KLYczIngV88Mo2PQjpEa2ItXYZ+fNGr/zWumN0OSGor8hJz2vzjU05c2erVmUMwORO/oiTXHjZ4+XClE2LqQVrUdQuGhdRZXcyLaFwxkTYMW4c8o37qZideIKVn8Tq5ZAPciNXlkfcs+rfZX79WwqAm1b57G2r3N3daxyZ1w9ZzSCrGEhAGmklm0LhzMmwKrxTV/V4lEoxjCaZve8sD+6cag9L0jvDPNcmaZ3huwQ7S3ue9njpAPaOJLCRZMWKmbXpLnkfLYtHM6YAct6+8hO/I4No+IVaNjok/RBZ53oWuO5AApqZCpcR17wWN1ZJhKkOdJgqOjwHYbD6CqsQt5j28HhjB1qak7FCnnoZBQu2vOCJIZSfVpv+XRsfNRV0tnqfjcTZ1RI3bznGc+RztYJv2OPk46RzjkPwgWZadl2cDhjClSpf4rO+zg8xCe82cU8jgpK6Fr2umRKV+tpN0AIECtUrNFiGS2ebW8+6DqbPUY6sKy/PmLCFUutLfCyZJyxzqTK0GxBMdtHcjgylgx6GEgz9+XPqUtb4ToVXavd39//rOfYQMNFW7jc27Kp8oNUvQhrkQ0j5k8H82j+yFFvYOgLFxzOsIMVcnPK6j6x3PAj9qs/CkbnuxT9Hva6ZELHKpe3s9X9zu4nk8Uq0fY9C+XJJtxorUyfOicRrOl/8M2HTLDJbR4O81UvgVqKf0ZVtWeybeFwxhy4orYQaeG247/sxxP3xea/nkMqeYV90E8UEzVwBYkcA7829tpkQtdqz8v70sQuQiYJqPDT0Xp6xkHLXjlyFlLI7SAmbHuHxeAHqnrxUaSErmfbwuGMWQRZ/xsEJtvlw5ospBqHkBZtElRjIXw+Sa07D7KPnqiuEyAQSNHXuFw1GQVaJ9K12v0KrC6ygtXX23qGukG88Z+HXWlLoSWSPzf0MQw/GiPlBgFDZpW0TQzcNIltC4czZvFqIYn2sKoW/wur5q/EirrSfhtcVOP2yqEmu+7iiRMK1Gf2kPigoJKMC1nE6Wn1fGP7E/bKIStaMPd14C+eIx2t7hvY/dKBFKJR14QRE64mcIN4kG0HhzOm8cq3YG9l3Q/RxannNwSNfEgMNHSM2GTxCBvMdQmy/jC4ibDfPR1tLafN2rLWY/WsTRYucJXobPFs633O9QF2v3QgdQTLxIE4BhutgkryIbYdHM4JAVZCi33BkS3cMFIGc12iZvb6slxVA0fUVMK1+2kQrgkrLSt10VkWQdHnIC18cKSG5fBDhBT97YK5N09h28LhnBAUBG+egmRybDwnGUxnkPcKKcb97PdOR3er58NOoT90mPisx+pumfA1dp90CAqJ2EPy5PYNh1FHXFn/NdsODueEAimhH/vmjdBq1wgb+LMh1ezKl+suZL93Kjavcc3oanX3bEvIFAEriYef91g9q91rt65yncPuk4p8NTwTBaI9I/XDYPuxRd4QL6v5INsWDueEASv1/4OCDbeN2PzLKBj4tIkqybhoK9DZ4v4ZuDzEhQsqAe1+ynOw/ZEJWRWwRXJIHzEXiFhQNVJJJ9LMH8+6YlFWXv0czphn0ld+MlH0N1wrBhuP0BdLOQFXFmNGeyGKsQZ8qdjrkIruVvdP4sIFebcO/9Vjdaw6NatVOq9MPkfLwo1Qb8u2WK1Ke0X5Na9q/ohtF4czLoHUKkKg4QV4oU+GvF3wHZFCDvvmhPPYa5GKxB7X7qcgxMf9Zs8a1wx2u1TAqi72R/4ijuLChx0h0WiJwebbkGR+km0jhzMumBw0zoG0KliLbKa9rBHyKRpto8KlmvuhOC57TVIRFy6YkD/2InjJu3/BbpMOQQoFR3JCPrWZdpFdf8NWpIT+mK1rCIcz6giS/ouCa+6ky+UnpNNpGoO860g2Ms6dFRcumhG1dcJT1ssuD7tNKqAohRho6Bk7vVlCIwmwQvbyStaccYdXqp+OA9G/n6gOp+mMhgCpRit7TVLRucr9U+vvHmvXk57e9tYJF7OfpwOpZsvY6G3FTLHdQkTZ/D9eyZozLvEqt3x2JENPxorFehwPsdcjFR0t7l/te+m03u5Wzzz2s3Qg2fg15ARjzz+aRgPr/dG3pkj1BWx7OZxxwfRLjNORot9pV1I+eYaL9OVVjA2oMjSbvSZOdLZ66tsenfBv9u/pwP7wL0AgRVhJdGjD6Jhp+Rbcankr63/CtpfDGVfkV+j/jQNNezEUUkh60GPmj9Beyonk3wWFZAVJ/3/s9XCie/VpUluLO+PMoYJUfwN14h2hsB5qEEgO9zBN7xkyhCDFuBN+sNg2czjjDiyFJFrdGHJ1MQ97zGFyN1LqNawYj/iqFydtMx4N6kwKsp3WJ5fkycYPMaQPGsGeFpwLqYblVfRuWo7OYcEFogbsv988pOpHHM6YQVzY/EGk6K/By9z3sEPOdhCzQPMrXtX4KmwH2TORGn7zROh52cKlf4O9FkPBK+u/xsHmEfeHs/ONherPkeone+XQD3Eg2k6zq8Z7X9DzCzYdxAq5DlIYse3mcMYtPjV6nhhoeAV+lUGwoGeFFFJ/5txaIXE7b0VttV3yfmRfzlxbroUL+6OjMKdFqF+WVyV3JLZFkOov8FUtroHhP72XUARWIf9I3IbDOWHIn7PoooL5y2l4iKCSn7OfxxH9kZ/SIeQ4Fq9cCdfkuTdPETXz97YT70iKlr3IgIJN+ydV1n2GbRcwWTYXYH/DK6IW6fDloLo3hzMmuXBhs0dUo9dg6Q9e9jMWQQ79yn5Zx6d45UK4kGZ+SQw0/YsW5BhR0SL2ymggekhQjSvZdiUyRaqfDD0w9u8czkkL0sLfEoNNe0b2pc2N0VVFJbNVRRbh8j8gpEYewP7ofntRI/n4w2l0Aj7Y1IVVvYJtG4fDGQBB068QA407xl2vK1Yc1SuFqtnvlA7vdZGzBJn8Cvuj/6De56M0VLZXesMr2fZxOJwBQKq5QAw0HBX94y9kyFfVbAmK8XzeZ36UUY4qpIa/ICjkHuyPbqQZFmgvaxQddjXT8gWb9yJV52lqOJxMmXQllDMz9o7XQrIwv4XUFCmcLYjfs07Jr9S/LvobQkgx7rLLujXaflBpHDxH0qC3BwKMNfN77FfgcDgssjwB+6P0ZWZfpvFi9gtP/iJI+n/1M9lYhAMN7yDFeAcp5AAER9vDsrEhVqzRuS5wW+E9Lw4nDQsXerBGVvRzVB2vBvNc4LPGGk22N46SKtKJet7z4nBSglUSKbj69jHbA8naYNiXaOzn48Roz6uqGZxMfzNFqs+qxiOHc8KDNVIlBhoOO8XCJRuJL9s7fMYt1+ZbsMJCMlk79dKbJrH3jcM56UGqruI+8Up+gWwDB0n6+W6kkH+JEAoTgOwTA4kdNzDI8kALXNCMHQNfMzsdc/R+3tvicNKAVbMCBxsPpgy2hhi5QOMuLBkXQVAvDT5WzS7wfRrPQ7JhN5h3q1psCQrpQAr5PVLJ5oEcXMGRFrJ28NqJHE4G0DQ3/oZ9VIz6vUzErp4s6fcmbg+rdqIWeYPm/RovE98jZoQuCNCMDv6Ifo5UPx2uGVbIJ5AW3pLKb4z3tDicQSBW3vJVrDU8QLNFxHpSsOIo+s2XztMW+djtXS7XKYKi/9IulcXnvqhB3UM75vM9KNzKXjBUqX9KDDR2UBeOvv1i1Xo045HC+TVnsPtwOJyBOQX7IxF4kWI9gL+K/rp8dqNEvJV1n0GKeb8YbBhT+dhH3DTTQv7oPjEQeRJdeVMRe53i4MrQx0V/pMf2PwvTHq3ob7iP97Q4nCGCVPNWHGh4M39uSGQ/cwIyFmDVPDhu/KWGwagHv0x09to4Icyt/7QYaOoWA02WUBFa5rqI97Q4nCEDecwhFIj9uyNyzWmCHFp5sg8X6fygQm7JtEwYlmrLUaX+BfbvHA5nBMivrP069VI/iXtb1GiBi/BRQbqJ58vicMYy0DPzVuov+6pO7t5W3KDXiVTyAJ+v4nDGMKgCHFgzLUJrO7LSVUioUjMeemi0yk4WbYUUNfOXWV6p7pvsteJwOGOAvCsWnY1U82801TH7AieZXQgCKaRZkEmVoJD3sWbuoe4WGe0/sgY9J7u95kGk6F2Cou/JNKaTOvL6I/+ZzKtLczhjD1RpKCA69EUdqMdF4xwXb/WqBi0E4ZUjZ3kV88OQUgerxloQMFrjcRTTRseDm8FxFMnkb76q5ruQYnxxctA4J69S/wJWjd5MnW3BxQErpIa9ZhwOZ5SZeKV+LpL1BUgL99ipY1JXzwaBQzK5jz0GpabmVBxokJFiXC8o+q6Mh2W5NMU8hvyRHZCRoaB6qSxeVpPkuyYooZvtFEDJXu+JZpd7ix7GqvFD9hgcDmeMMPHSmyYhxfgDTf0MLhFsrwn+DXnspdpydl8Wr0J+Qx1fHQQhyaDILfSS0ljSPg4G825INdoK56/AbHsSESvqSnGgcbMdYM62xc4HBuXgkKI/6a0M0aK7HA5njCNUhL6C/ZGnxUDjMTvsxYThUmyuyLi1XK45jd2HRZDJ93zzlicLg4MhxTiAVbInrSnGMXY/1qhwKeR9ti1OYJnovnlLevv2h8l4mi0DxM98Q/RHghcuXOhh9+NwOGMYyGqAgk2X4qrmVjrBXb0E5q62eGXyOXbbZGpOFSS9NjnQO9lgQUBQwwsFjaB0hhTyrhhMl7LHTjuDtMjWyZW1n2JbxIKvMrxYNXfbk/dLaeYMHGh6wiuT+ZPkmyey23M4nHGGoJKAGGx+CSlkFfuZE0gyi5FKtmUyAR7LHT9gHUKkGm+lTNeTeLz50CvUb2f3dwKpxq9xoOGAVwv/1isRmf2cw+GMc/Ku+NHZ0PNh/+6EEAhfQOeP2DmyJCN0LglrZhV7DBZB1d/LSLjsvPuL2f1TMWVeI3d14HA4IFwNJXa++PTCRVcv/ZG2fCX0MfYYLPly6HuZlCGj/mSq0cjuz+FwOGkR5oau9S24FbKtxgpewGpksuDQOTA5lFHlZ6GSfCitcMXOQ0N1tPBbEytCJewxOBwOJyXeitpqHGj8nqDo72B/tBerpBd6V9TJFcKE4vmr7CwMd7H7O0EztcaFC1wWoBhs7Fj0eHQ+jfSKgYZeHIj+3RvLVsrhcDhZgaoahIIFy2cU+MkMyG8vBpufw6rxHFbIC0g1eqcsvBfcFzKa8M9X9P8uuOp2WjUHREuQ9X/SY4EFGp7zKqHr4TwFC+6cAQ617P4cDoczZLwKqSxYcPtPBEm/gv3MiTwt7BP90Z+ACTL5X9fFtWey23A4HA6Hw+FwOBwOh8PhcDgcDofD4XA4HA6Hw+FwOBwOh8MZY+RV1K/Ol8Pr8ipDv4n/DUuGF2vhldgfWYf9jeuQopP+e7lceZW66dUa1+VV6MvZApsFc2+ekhdsmOWV6pcJkt4C1YMhJ7hY3TwVjg3bCBr5nli9ZB1WSRoz14n+hnU4aNDMnPmV5BY45+TK0J20DbQYhPGYqIUd9j1uYrBpXbyCMVaN5eL85etQikwDSDFC8DlWDYi1OyWbcwiqYbDHO1ep/W+kkrUD7q9F1iGFPIiqbqcOmHlXLPIJqvH9/EryhFAZ+pNXqmvMl+p+4a2or5x06R/Oh2tJ2yaZxZMl/XF6XSRyFXt+oSJUkieRR/Nlc12+bK7PrzQ+Kl7W/EGshW8Sg4vta6NFopCeOXG//IrQQnp/K/W1E6Xa4sTPfHNuzBMCTRcIkn4rhvvjb1jnlcxvO1XVFuW6z4lVi9eJ1cvWISl0Kfs5C6Rkhu8mVOomDjbSYwtS6DvwNyhsy24fBz73ynULBKlutVcK3ZlfGfr5pDn6f4kymepa2NyXODCvIlQN3yu/Ul+XV1FX2v8oNpBvP18mt9Fnr999MtcJYH5zzkBe/F7lpg97JX0NvFtehVwHZeLYbQA7VZD5GNbC68RgwzqBFqxNQJYn5FWGbrPvRX3Se5gIPH9wP/u3ObzOKxEDzV9RxG6fL+nft48begyiIRI/Q3NrBLim+RX6L7xS/VqvEvojXF8k1RbD3wvn25W9Id8/UshdVCvgGdfMR3AgUph4rHzZuNB+/iLr8ufUXRb/e54UWkzvRYXeP3j+woUeOMdkJfSVPEn/s1cKPeKtDP3OK9/ykb5zQzxYwdV3WFg21sb3Q6oRLbj6j7Q4AsSd0RzdCrku8dhIIf8quPZuCO3oTBQuLIWqsRbZG49Zg6IENAMljWlrtgSJPEz318jtU/7fvbTwAbV5y2Ixb4vp/9O/LbiVtg3CQmLtejF2zl0gKqK/Lh9SotCQEXocOJcdN0cT5MWOXfCNP0H7X4u1e9OUb9wDx3g34ev0gRTjJfq5auzO9hxIJW+wx8tT6oLivKUJ+6+wrwfdf7F9PNj/qj9aWA1b5fLK0wSFZirdBjF89HO4HrF97Li+MP07UkLXI1UvgswJBdf+CfJVhRLP7ZVvwVglr9khNbdC+34KLxCm3u12O+LfQVD0cPxhBLBqRuCYYvUSyyvrHzn+92gZDjS+BbGKtIBG7DvZcYrmVm9FqBpetuPbE3nKNX+0pkD75NC34n93QtDIh3Ag+m/sjx6izwG0EY4NQd3+yCFBCz+cP/f3SeKIlFC9GGw6BNvZ1wue2WYLx2IgfZI+K76toBg3wfeC7eKFQVgmXtowySvpHfF7Fb9Hfd8V4imDja8KAeeAb1y56OM4EN1oP9NLLDHYbIlznTNlYMW8n75r9LlfamdqlQ2lb4OLatxIIVvguYd72W9nBqQa//BdfXu/54q2lz47TYcEWTdBFOLbY9X4ExyXnrPK7Ptx8gX0j+BAw0bsjx6zi5PEriktuhKm1xZJoS/BtlApyX4el9HvAN8FyeSO+LEA+MHy0Wfwdit/bv3/9f1dNTbS75XwLkKBFuRveBBr5iGIU6XP/rzltgbBeeYttc9tR/MvsbBiPHT8gGSJnf8oFvRKk8Lp/4x/bm9jvAgXBSnGO3HhQopxuRhsPkbzmitkF1aNDqyQdqySTqyQbjHQ2IMkQpPBYU3/gzhvSTv9XCHtSCU77fJSJojGNns/ox0HGtpBsek+irGenlM12iAbZ+GV+rlYNd7B/oh9HHoe4xg8rEghB+PHxlXN7fFCECAusWP8I/H7xBnSOVTjAfZ450q1lyKFbO7b3/6uh+xsCORo3zXyR+Gz12EfpJD7QGhodgTF6MKK0UG3s8/dhVWj21e9tAep5BocqC2E3O20ao1Kbkw8N5JCP7ZfHnjQ9B/1/V2LKPGiErSIRqARRO+or/rGvL5tVKOOHlMLW4IUppWfC4LGFKQZm+jDo+hQbMJuO/1OxiH74ab3vjLegxMVfQ59keYtgzjEb8SPn4RccxpSyUMFMWFAirGj79oq5DC8/CBkUPwj/rxBUVesGot885bQlwapZCtWjHb7epFOrJrdSCU9UxICsyHJIHwv+rJqumNGVehNeSX9bfu6kCP2PehrSzsVQ3q9zXeEioYk8UKq/uuCq26zc+rHM1so9Q+yvVoAK8aj8TTacC9oPn9FX9O3wUU1bqyS9+CZhPjNfjszINV4xi4lR47Sa3C8zd0iFRd4X8nxkZVqLKfHVcjheC8JS0a56I92QZuQauyPvbv2NVWMLqSaPfAexzPmQsgWUo19NBg+FiQPmpAYDC8q+tfiQfOCVP//4n+Pv4tYJa/E/4YV/ZcF19xp/0CDhtjnjd1Po9tXtdg+t7NwGU00D7lKX8y/UPEKNLznVeo/nLBNknCJavg7BZD2JNhMH15IE9zfmj8Y7zJDfnNxYXPfZ4JU9334hYQGe6WQlLhP/IYnikrh/BXQOzgFHl7Yhh6DpgLWt9q9EWON03mRQt7MVLiyPsf1DsMBeeWExP1p6mTVeMre39xcOF8/N75/vLoyVsjd9gNl7IWhRP9rGLOFzR+Eh9qnGR91Ei4kEQ16KfRlV8g/vBfVnBX/DKthmd5zO/PCX7EW3oX9kaOJBSSchAvPJZ+gL9cC2kO7NbE9gkQuFqsaN9MHXiE9k4N/PAf2yVS4RH9dqegPWz7oKSnktfwKMiN+bKzqXxeDzZ20EpFK3o9fZ0ELXwEJC+26kWQd3Jv+18m+5okjgmyEC4RYUPQ34SXs910V8gMcaDxIr4NM+qXvmRhomASVsu3roIPgHaHvg6y3J24XB947+iNiv6TP2/el4R/5fjKDbpClcMXeyU0lcvPEeHt9avQ8rJDdsbqZb+TPbaK9VifhgtEN7WXadQh+2/96Hr+u8XcyUbiQQnrB6L4JvUYQLrhHcB3y5dDC4+1NFi6kkN/TmgZaZG9+pfn5lOdOKVz2BdiO1PBlWCF7oQuIZfKrhG2ShAurxjf7usdq6PPxbTMBKgvHhStf1b/Ofg44iEo/4MWHbjXdRnbOTjAI4epHJucYCHjJ7HOYG2scf4WPC5dvTrivF+SEqIQ+1idcmv4H+jfZ9IvBxkP0GP7o5oKEHxwgLlz011kyqqE3DdsKsvFIfJtE4UJK7fl0P5mspL1vf6Q7rzL08cRj0n0U/UHf/FtpbwnmPuBvmQqXUKHfQEVx/rKjWCE/YD+HXoh9zci2My//A83Y6pX0H8WmGA5iZdH/sPs4MQjheh3Nre03/wNDYehF0+G3Yj6Z+BFcK5rvHn6YJFKPFfI/tOdVtWSfqBp9L20cKlz2y/tvQTHnYH/DAeitYY3MpxsMRrhU430rQazpPJRMttAhtxo+ll9pzzM5CRcMn+kUxYIV8L5/L/H4TsSFi/bCZfKAoOiPwtQEkgyS0Ov+Gv1BAuGqPP4MOAmXVyGLodctKKHNrkv+QOfDHUknXFg1jp51WV0+UvU66L4hhdwbn5R0Ei5RJbEeF3QXzb4uaSZ4pfpvx4UrTwldzn4ODCQqsYlCW1QU0sJ+DgxVuDI5x0D0nUMxNjn10vqESzX20F+YNBwXLjhe6Mcu6NHJxjG4DyBaTgITFy5fFe0daYKk/4Jur5DX42mc+wmXFppt/818wxYm8i/2mACSjcdi32vb2THBzVS4kELeoi+7ar7hdE2EytCv4NkQq5p6vZL+W3nlShCPrXA+QTUfTpyAT8cghOsNtuI1jBYExWizeyX6q2clvGCCFLpWDDRZuKr5EFxb73WRs2whuA1e0EjicYC4cIEgw3fAqnEXzOsiRW+kz58sT8hWuLBibOj3wYXNHqyQHSAosMAQr+bkJFy0xwU/BlD8Vw2vTLcgAvQJF713REcyaaKip5Bdky/p+/GiPS4cbLLyK+vTCpeg1P8ShAtp4WOCHEotnGmFSzGO0RdVNX/kq156jHb1KuwurJNwwVACaZEtdJxu1+p7ACtkxZR59QUDVVjhwpX4ObnbnusghwXJbBAkcosgkVqwfDUcxVL9RfFt48IlVjXBL16rIJG7YxPTG5FCaE+JpU+47IR//yME6i+AB5X2piSjGrZxFi7jb7Fr8xZ7TMArkYdjQ4wD+VfaPe6MhSv+ECv6q+xnwKS5tefDfBPN26Uat9IitdAjpdfRvDe+HcxJTpYaC0Bs4hZfyQZyIVww/PdK5Ck6WR1stCbNrbs2/pEg66/b3yO0wbVwoQdWiZFCbqfDn0DDO+w96RMuhWyn/1aJ4Zu3jJZXy7t66dmxv2UsXHAPkUr2IdX4M6yMU1OMh7AWPoL9DRvik+qAk3D5qsN5WIv8ye7JNkO7nhQDkZX5leSyqYGGSf1O2E+4qF4sFSpv+RD2Rw9gLXxsUkXd12AbUTW+2idcCdfKSbiQSr5NF5OocEJpuuifkVTfDKuesIoe325A4YJVK3sS1PyPvcIUol1YrJIXYi9fn3AB+XPqFor+6D+hu0tXS+ACaOYeOtGuNcxPfIgS4cKV+Dm5O14CLL7SSleGqpfQ1UOs6r+IbxsXLqwZdM6KbhtssibPrbu4/1GPkyhcSDMU1xWLzhYU4yW4X4IUosvxWDNuyVq4FPJQrBdyNG+unY8rU+GC3l7sIXZcOcu7YtEsugBgz+UtsYWL7Ipdx74K3EgxG3zVS/fBy4tVYycONu7EqtE32Z0T4bIzt95A537nLbe8c0O0InZehVmKtchm+0dHfzS+LbyMdIV03jIrn5lCOS5cxnZUVXvmxPn6uVgzd4qQYVYhdPiblXBV2QV/YYRUcO1dtsHQM9Bo5c+55ebE7Z2EK8YpSDXugutE32HoQcHCGax0Vy35ceIqbaJwQW1O+Jug6N2xf98P/z4+x9Vk5Uv118T3dRIueOewYtyCAw1vg4DZ3g1LoRME87DvCXPrP003HEi4wA8o9reX4Qt45Xq68kUnEh2EC4BleHH+0iBWiCEGGnfTlRV4eBfcankr9SUwbk/cnu7DhSvh8z7h6oVeRWIBVd+8ZXtEWe9bUj4uXLS462GoI0hfKM283eU67paQSP8elz7P/huJ0DkbWd/tgmGYSn43eOEih/Pn1lKfrVwJV37FohkJwrUslXCJqtEkzlt6kC4sxZbTkWq8FP88Z8JVGVpBV2RBjCrtIQ3SjD/Q1WC4HxX1/1N40Yoz6MLM3NDHsD/6Llxv8MlLfP4ThYv2KCzrFBjqwdASyYS6KGHFyFi47O9LtmKZzBcVIwiGJP1Zeq8DDUeQYvwsfv40wkV9qQSpPoAU8mOkkN1YNY/E3SygNx8Xr349LtV2g8BS/Q0FV98Ow/6XXfNrzkCK8cU+4arUr46fwkm44oD/nTh/RRDJofvEQMMeOty2z71FBC+DgYQrvqzprdC/Rpe7/ZH3vNKN05FCnk4lXImgqtsFOkEZbGqjc1+qsd/JUXHkhYv8nf0MwHJs4lwh7YM9x0BkJFz25/tgaAGTw31W1SAkznv1zXHZK1M3C5X6IrjB9Cb7w3c7fYd+wqXaQ0OskE/AAwjXf6KqF8GKkoNw/SN27d5kjwkIEnmUDokUsst7uf3cZC5c+jswf4aVkOMPSt7cRVdg1TgGbRKUmHCBkNPrdHyoCMMruEbwjIGfkC10x1/4nAgXuG7I5F3bTcjomizVfxL2Qar5Z9sdwQD3kzeQpL+KJP01oVJ/ASlkpz300nsSD5UoXPGhmKCEgvYEfeRv1EFVMegzm5Fw2e9tvzmus+fcmAciSH3FqpdC54HWu0wrXAnAc1egRT8E7w72N9j3UjWuhM8Y4aJ1BoRK8mUx2NTrq17SS10hlNDH7KFio+WV6vucpNMJVx+wEFJ1uyAoxrVioKHLXnU29mYsXOAcKPojR+jku6L/DHyWYitIaYUrDlLJbXR71TiQ9CCMpHDRhxk+119N8quRoacBrgr0Qdoy2HMMRKbCBTcIltfZzxPpt6qo6jfYf9P/CAICf0NK3b3wvRL3cRIul+U6BdoTExgTK2aNg3DFe1zvOE3aYoXEVxW3eOWV1P0iU+ESZP2RWNGN7bBP0udK6G4qzlp4zySZfI56/8MSvy1cD7LbA1gl/2Ff+JwIl/0DuMkWWuNx+Hc+uKWA20PMl4n+eMDwMG4wZ0N9uhr3+jSjr9eRKFxTpPrJ8DdBIxeLwaajMEkNjt/gksR+DycSVhU3giNz4mdemGcCh3D6w2LGetmZCVecvLmhIAw5qT+WHKKuN145glnhgusnyOQpGK4Kcuh/BSn8X/aqYoMF3vfx42UkXAmIsvFnuhruj1gZCxesRGDVMOzVRf1WOsdlT8RmJFxYIyviwgUqzX4+YsKlkHvpr2Kg8TD8siV+Bl1jsXrJQXgAvVClhnnhgUzOMRAZC5dq7HExDyAL1kIf7xMuRb/J/qt1CvZHl9kuD83gF2eLU3wfJ+FyuU4RFP2Xvqtug++1SpDJjeANbbtD2BPKUMae3qN5y44g1fhJ4jHhYRUD0RfovJlCDk28cgVdfRal+rnxIYYg6/7EfRLxqXWf8UGEgu3h39Tvw0uMc7AW/qc9d0R20x+cmppTYRUr9h33e9XjDrZxciFcSNFfc8X86+KIfrNU9Ed74NiCarwIf8uXdXBBgWfzGFKMl5FqtDL2rL26SF/UZfFjOQkXnedRzXuoW4FCGpBC3qbfPUPhYntc9DPoQUOUzIJbLZ9sC2e2wpVfGVLApYI+U3L9r+FvTsIFICW02P5e+jte1ayA7w6iNxThgnfXnu8KZy5cgOA3fuGrXtpre8nSX49+woUV/b/F6qVwoZMMvM9tB0LjUH7QdoBLZMSESwvNjkcDQK+rXztl8hINNaGLELZnMEsm5xiIDITL9u1RyGGkGrey1xJMrF7egFT9Cz61bqajA+rFtWcKtFdAfbn+A6s9fcd3Fi6XVwl9li6DK0a3oJD36MOW4IDqlSLT6QIAiJNK3oDQMK9cp2OlNoKgVwAvBrxgMjHjgitKZC6chwqFQp5kvwfSwg1YJSZWaj+BVBJ3YG2DZzCvMqR7pZAhKMYz9hCFDocjrhp7jgYKctDFnyA99lHsD6/wSkSePOfmsry5tZ/AKrgsDH6oSFdqFbIdqcZt/Z5lhbxHBTMQBQdUWq3bK5HX7B6usREm2dljumosmJO7m4avBBr+FY+/dRIuAM7jm7cEyrLZ7xr0WDIQLnv4SvZghTT3tVk1boXJ9QK4Fv6Gt6FqEmzvJFwQxiQGog1IM5OeOayQ52lYFR1uGtRZ2WmoCEyWbv4k1sIHsWYehvuO/WEaguWNzana7U0WLtrbhGebfU7s82+IXQfLBRfF/iXr53y42PY7MWFM2idcdMVDDW+Oxw3ZY3ZjY1/Ij2r85Lxv3m/ROLi+2C57yEKXsects7wq0Z16Ml4pdD0sl4Ko5KWoEEPn1WDSUjU60wjXdrpNYthEArGe4/fhwYuXxYL2wS8R+M/Qa6GZNU7HBzI5x0D0fQ/FaHcSLiST39EhOTwk8bjNeOzZghW0ref97/3w4v1silRfYP+S3wpOi/1WjcCPSAw2HYH7AZWl0VzbkRSppkqPmzBsAGAiWVDIkwULbosVfYVVSnAaND5KN1jY7EGa8S34W1/sJcQrzltm33N4oFXjuUlX1p0XPyYUcAWBhs/tuLfEZwO+z22WOH+ZBcG7XtWohmPA/I79vCylBt7xtl9a425BqqciCoAnNVJNHY4Dwyq7N2OAqO60FzPMWLia8UJ8H6QZv6VFbaEUmhJboWIA4cqX9HfpD5w/mnAP4s/KbSCWvULMoRS+L4TCxAQoZT1JrJjXxeNGRY3QVV8a8kOfBXNXonBNkRoLkGbugzbYi1vg1G283O+ADEg1nqPbxX7I+toLK/y0zc3tQsXxFWkQNPqeQwhbTLiQZn5pyjfutu9B4nMXi1ekz1mgYWc8ftUWLvMgPY5G7j7eGusU6ptH43oXw3wr/a8gJ/pxGW/ZOmP0hRMiJfR7eLbt97K/htirow37sWZcAt3pXl/1Ylh67ZsnQKrZ6Ju/HAp+HmULcIJXs10M1KBFOpFMVvd9phmXIK3h316Z7IUuMxybroz5I71INW+FOY7JwRrqlMbilUPfwoForxiI9qbscVGP8+W98MvsJCxUVFS9h24zQF0/eKmxv8EUFH0/fB9B0rd7tehvYTWG3TaRbM6RiuPfw9joJFyAVw79EKtmO1y7+HVECjkmyPo+JOtbkT/a7lX1iqkQEuQP9/rmL+vFmkE95xOBVUOsRQ7TBzrQ8K5XNabBYgncc5g8Texxxbb/b1i5wVqkVww09goKeRoCzftt4yeVONBgwkKLqIV7sb+hF2vmelpe7JLk+wu+Q7iqaVm8iGw/08xepOq9eX6TZmpAkq4KgYYaQSJbRNqGhl6vrP9VnLf0O/gKO9ieRZCNhUiJ/B4pZB8N5odeIQ1nMkCgerFG/hLfFn6U4FrBc5a+xxV6C7Zh20sL0/ob7hbVEJ2cBgRFvwniJeG7TKq05wOdgABiCFAXq5f2Ilhdp8+hcV/sWdiWKFyAIOuL4B7Y71pjL5L1Pyd+zoI08jQ46Pa/vuFeWCAQqxd/l20bVs1lsff80HHP+VumCWr4WUHStyFZP0LfXziOPwrP35u4aukPRSX02fgxQLiwCv50y+H5o1lb4uRLuoq0MMTl9mK4bmr4HXAZiX+OVVhJpufvW5BBUp2KtGiboNA4yb5nn16DqsVRnxL6Ct3QLra5fEbivFNiwU8nj2SIoyrwN1LrF5JSU3OqcPkf0ETJLLa3idmC5XbcVRrgYYkf07GrHQvyhWPBSovjvBqcPxAqgW2cJlSdAHcP2P7citoBx/iUQZyDZcDvEQOOH78PYOD8C+2FpeLJl/6+ACbIoQdJr9uC5TNYgYkDPz70fsxb8iEQXhB9elz4DrHQnETEy26eWuC3P+/n9MdAr0Ps3F75eCxkKhK/S6JB29jJ5EkJbRjIeTkOvZf0GUo8fuMMiNWLbwPPq92OxhlOP34UOn+mFyUfyy5M63K5+i3qwDwP/B0+v6hmfZKrTyJ0hW7BnTPQXHveMD8YEun1U41piVk14hxvQ+MMWB1kP0/Ep9adl9zmxhkQ/cJuC0CUBL0W4FSe+J5fUnPOpMvIVHhujn/v5TOSQp+Ai2rcdDv6DEQw8+kp3jm3TIs/I/GojDgglvS5hdRDcS5s9sCzbd/L/t8jcV8Oh8PhcDgcDofD4XA4HA6Hw+FwOBwOh8PhcDickw3wL5lSFZkOvhpg8P+T5948hd0uFeCnwjqxDhfgozPlmnum511hJ2DjuFy4orYw8f7Z93DJ9IGCt4eEvHJCPFMuZ2SAmgpQVo39+0mFHbO29HqkkMWQW8n2RAaPZDvXE+TnQZJOkGJcDyZq0eupxzmbbcH2UL9PDDQeg9JZ8e2H0V71LbjtWF/0u2ZcIlYt+RmU5cKa+T2H7fsMq8YPxUD0Z5A3H6r79LW/qvZMiBYQ/ZGfwn9pSTCH/eHvgkq+A2FPcE5fitJXgJ0CxfiJqIW/m3w88mNor6iFf4YV8wfxOouZAg8wPY4Wvh48rwWF7KV5o+L37/g9/DuS9f+D+xxPWJcrCuYaU5BUn+TFP1x4K2p/lD93kWP5r8EC8ZnxZ0dUdIf7lNpEeu1DC8+Ravp5wg8X4HGP/ZFHUcD4IvtZtkD2WHgPkN/8KbwT7Hc7bqHrRcX4Lr0+geaf9RX3yBJRNT9vX2fjJ/T9SXmdQ9fT90ElP6U5xRKZeulNk7BC7sFaeCfEJNGofrtKzGEIs6EGpbYUg9acm3LtXXacGuSyhqh9By97EC4IvIXYQKitB3FQqawvHorG0cXNrs3Ibtvf7Dp5NGZv3nILySaNQIeEY755ixWBJjSERGR2FkrWYlH47UhrVJAGRUuPe7NDrUGs6hU+f/gqpBhHplxzp0MbIZZtOf1+WCHLfPOWKVB/sN+FSICKoWZISDHej2eJtdvxRwv5Gw4ICqmFEmJYNStSencnsrDZ46ta/hnIJ45U8yX7mq2g1wUSC8I967t/9B5ClaIVVsE1d9kxgKpxhBZfVc0IlDtjD58tEG/mW3BbF5LMT7Kf5Rrv3Lrrpyy8BzJj9JW9ygW0XmVwsQIprONZQJPvux27l/gs2nG6dtpjKEIiBhvXeWW9DlUtLnZdcr1jeNdQAQ90eP6watcsHQoQfQHPHhSxFWR9J80mwT7rsefdzgRi/BYFFyuDjSKBzCPwvoiK8ccp18Y1gDkXxK/aWWn2Qwhbv7qT4I6P/Y1PUwHwR/uyP+Cq5ru9auirVJQSjMbS+aNP2GkuaEaBDU7CBTmv+44pk5UQ9Z/SoJYeRJFDPcG4+cMQVL0TQbQ7u/3x/Wj0O0Tz04wHDvGGQkVooV3lJOHYYJA5tKoJ0m04ZoNIBCvRT4jBpn/T79LvOCZ8v17kD/+O3ScdWNIfhoIVNEOHne73kXhZr0zxVtZWYH/0QTHQdCyWz8p+aSBwNtiwGEnkGvbeQVAwhjg4f+QJmrkBemQQDAsBvSo5KM5b+vPE9LzZghRjFaSYFpRQX/qW4YBmyfQ3vE4rUDExl7nELkfWcAjeif7PZhSuM9SU7HsWBYXst5MQxPJy0RhRKGjbcFhQw4+dw8Qj5gKsmP+PZrJQjX3nJmQBGSqTpdpypJJ2mqGCeW/sXGXGUnafoYA0s9Y+F9QcPX4uyMIBMZ7ewPHCxMd3UvRnaP4lGphKC2G25w8whCi8qOYMWt4q0ACZOtschUshD9oJxcyfs5+xQPpeKpaJjbbb4phxMxHocmIt/ADtPdGiof2BDJ+2cPW/KJCZUVDJPZnE2gFYCa3wVdvXqc/oA60fFf3NjjFhTkyu1D+F/NGtfSlp/NH7aa3ELBA143o7H739otCXhaYOCj8LiePY7VmgN4m0hv+DqjzxdCE03THNwGFuxFItTb2SLTTJJE1at9SCEu7s57kChhDxitzDKVyucsh4qm9lf7CgDB9WjuezB/KgYEwg2kB/iGjRX/uHrS8LixZelyoWdzDYUxnmuzTzhp3vv18186ECKdvtH7SE702vg9mdN4QfNyd88IMau1b93lHIHqKQBnZ7l6iGvir6o0ehICftPQQajglSPc2mmQmx+asDLocAU6SQB7Fq9quwnAoQKGfhyixZIQTj0h6gZiZl2hQha6aTcMHQUg3TpGiZADmHYnmsjhu90OSoEEiuapwCyCt+J2RssKuZmA+5YgVrMwXJ9T+hpd0TXia7mrNxq1NO/3TgytDHxWDDhuO/rCSWiiS6IX9OHa0ing1INe6nPQ2YSws0vNkviDZH0FQyCtlB087Ei34ME9ALhlJoycJFRxrr2e0BpIWj7AtvP2/L4LqudQhIHhRQiEOsWnKsr+q8P/pSqmD7wQDputnvQZ8TRX+P3XaoQBVtR+GiVdeN5f23hpzOaqiVXtD4Syjrh6FMUf8NUwPpQaC3NN0h0wDUWXOMKndgqMJFM38qxIBfYvaT1MJFfxn75bFKx1CFC+askGI0ws2gvSMt/JeBaieyCDSf2OK+1C1UaOxalh04XRHNNCA5pMBwA0q191172j6zE8/RU87XOQHVXexeEKF5sgSp/pfsNkMBevpIMRbbuarsF1ZQ9Nud0knngkly88RshQuypAhKci+NPnOQN0wzJHafrPl0/QeQTO6L5RyLPc9LocTc0I8dI5VwIYW87zTCGgpZCVe+XHch8of3272t2EuokMNT5jVmNdkGqXOdlsCRTO7IdMVh6MJFi11UIVXvl1YYGCvC5ZXq58HEOG0LZHutqEvKr54OWOGiD1KfaMH5I/Dy7k2XGnlA4AcMXgLIm554/Wma64a3IV0xu4sTk6U/lGMtbGdPpcOKMLR1d75kV/3JBYJURzOfxodiIOCQG4xNm5IrBiNcNJEeZFuNdwgS9ws0wnTGX6DuIrtXNtDcarR+6fFnOiYqA06tZMqYFS5BJV/ud3HtnQ5nKjZ92FlNk8QFVdZ+Kl1Op0RyIVyQCC0vmDz2HgvCBT5VkO2RJvWDggOS/n12m3R88GshEavmrqQHCf6tkLRpfTMBVmFxoOkgVvs/ODQPvKT3SxKXCqTUX8W+rPbcC/mLU+bbrLEr7DzrS7gGtOepGHvHlnDRedefsteC7gcpylXSgy7+wZDmuiA3P/ss0EU1u4p2XzWdoTBmhYvWPEvoasYbhgMNzzuVERtOciFcqRht4QJBFQPRV+gKK6S81sy+2oiZgmQ9KtpZSxPOTeckrcTq1oMGSsBrxoqkl43+qkeOQIk6dhcWmCRPuj6qCRPoh4WE8uuDBVXWXUZXQRN7GbT3SfZAAkx2+1wwWOHCqvGLpGsZf78UowNST7P7ZAr0gFEg2uO44gd5+7Xws7mY6xqzwiVI5GJaBkkl/RtHixYYr2bjJT9UTmThAodMWPG056JCP2Y/HwjIfoq1yHa6BM+cmxY/nXNzVvNQqQCnVV/10mP9zkFfUlqSKuVLGsdZuGL3USZvQ458dp9MmSjrH0H+6A4f87LawqXvGa5ogOEQLii4MmjhkuUJgkoMmHKIF65JOoddWi2raQgnxq5wVZIPiYGm7uMTvf13gOVQpJLL+u00TJyowoUVUom1COTltpCq/y3rBxZSCWvkx2zPmLbfLgdWm+1KYirsl9R4n/0lp//WIh1iRV3auS6fqqtJ16fvWoNzcPq86amAFNVeRW+0haD/j6x9/c3DeXOO54HPJYMVrpRDxWAziPhtgx06Y1Uvg0IaPvDdkvVXsEKgNkH/cwQaoQLRU07TN9kwZoULQHL9g7EyTkkGF4D6GSkkkvULlyUnonB51Vu+ioNN++lKkj/akV9ZZ1fMyQLIx45U4jwssCs1Z+y6kglI0d93ctalVWyktH5CpwhK6Gb6QjP7UqPhRs09qFL/ArvjQEwNhEro3JvDDyxtGy2xRx5l98sFgxUurJCaJOGi/lxLLfA7ZLfPFCTR6k2WWLX0WH6l/n9INf7c54cXbxttK9kJufvZ/bNhTAuXIJOf2y9wcpczfrFjv7htgkoC7P654kQULqTq90NZJdEffQ8WKtjPM+Gii9a7oSKQo3DZToe/ZfcZNFAMRCavOwoX1DDUyO/ZXeJgaZmXlpqnwxfbIbb/MQidghCk0AvZ3k8kkwds9wfnZ5TO66iDq3M5EIMRrklzyflYDe/qJ7T+sC2wmlmTqrpTJmBJfyFWCm0TBFZP8Zuf7Lvm/a9JL1JC9ez+2TCmhQtAml5LN0jxYMT9ZewHMnw3rUqSY04o4aqpORUrRhi82qFXJEh1g/Ygn37JqtOh5DsrXPQB0sxNk7P0sxqIPIlcZ98H9lothR4XSTX8gMUccES2V/n0o9QnLEm8Yi+8qmfaSzwFVYQux4HGfbFJ+KOxclX920aFy3iM3TkXZCtcF0JInELuSuwFwfCQOggrxpB+ZLBqfl2sat5Ffbdiq9J5VyzyCbK+hZ3uoc9LsPHdrD0EEhjzwgVgNXIj7cam6I5Tg64uuODDcq5q/pQ9xlA4kYRLkMh3aACzBitqNCQnI3cCJ/Kluu/jQMMRVgRibhB9xU5zhaAYn3YSLtp7UIw93rn1H2b3AcAbHNwSYr3AO5EU+r1dF5BtdzOtrp2Jk/PEwE2TkBLaaQ+NmiE861dYNTrYZzQ2/9dXjT2XpBUulayDbYS55GIcbJRElXwHa+HN9qQ5fG8TBBWC559CUv2QXBSgd4W18IM08YFqHAb3GvoB9JJVfZEdMJ8w/6cQOq8oqPovXNbg3p9xIVwAVsgt9CFxGJawjYfeBApE/ww3jT3OYBjvwuVVm2gvVJRvnoq0yL8SbziIF1L0xlS9lXRgRV8au3nMtaGBtX9jtx8qUBTWUbhoLGSzBWmP2H0AWNUDtwTffHiBTBpgTeMg2ZXQmNAIkv7wQIsKgkp+bvdWmiCs52mIj8MK2cUKl71aS/6eaZRGNmQiXPlS6Fox2PBzBD2tmMjS4GBaWduwvJJ+Jw423dhXFXwQeOEZ7otJJHe5EjKHeJX6D/cP24q1EdqskN3wHfofLTPGjXAB+UrTx+CXnJa81tL0vugDuBR8vvYJct3gvbZjjHfhgqK64F+D/ZFX7RjEhF8/Oim73PJW3PJN9pgDgbXw0qRJ3tESrkADCM5/sfsA+XOMC5FqHrDnX8i98DckkW/b7jbMswPXzH6pUgbyF87Xz8X+yAb7epuHobgo/F2Q6x9mXyZ6PaoX93qHIdg6rXA5DBWheKmgGn/CgegWu52EDhPpQkqwaTvWIkuEipuS5kMHQpDJeipcVUv2ibKZ9L4JSugZGnDf77qYsP0xrOqL2O0zYVwJFwBeyCjQ+Fusmnvpg+MwV3H8izSCwByC0uzscbJhvAsXOEAiNfwFHGg8xPYI7O/SZOFA5FXI9cQeNx1I0ZudXCFs4TJfZrcfKqIa+nxK4UrT4xJkch+8oPBCe2W7xDz0PrE/mvTw0/ZDvGWq9l+04gxB1lfTnHC2T2HfaiZSTUeXC5jCEDR9yE6uLNkKVxwxYFwoBho7EntBcAw6UtHCGzNJpRTnrEsMr6CQbupSIxsvsp8DXqn+Kqf7Zk8pGP/xXp59JuJxJ1xxvJBF1B99if46OryMiV8GBxoOQ6wge4xMGf/CZRbDNkiqfzDmptDf6JwD+F3pf3dlmEYH8FbUVyLVOMT2fqlwySTnPS5Rrvuc8wvQAL5Bb6MrnYUXq0Yr7W2p5o5zYr0jIG9u7SfgGiWJOV3waT4gSPoNbIA0TEJj+EGkE8wNWxJjJbFmViXdg9gDjlRyTeJxcsFghQvwSvU/oteSXfGDeWJ/uCVTFyOvrP9ErF56DNqQX6l/nf0cmApDdZlsSHJSpudbDsNVmhk4G8atcMVBCvk9HbcHU819QXe4GURmC6yqsPtnwngXrvjkPKqqFbAWfgayLSRdp1jOLEjEyB47FRYE7CokySkUfkiQP7wtr3LRl9l9hoIg6bWp3CGwpN/Ebh8HVvViw8QtU6R7PtDvs75eIxOhAfNAWtjKV8Mz+29vvGwPr26FoWlt4mepvPPhARe0wf9wpmIownVuoLYQKfpB9mWk7a0G7/b6H7D7sEDdBjHQ8LK9yGNY+RWLUq4SQjpu6lHPnAveI0EmTzulV0/HuBcuAFeGP45U4xlIV+vY+6L+Xo1HBEn/LrtvJpwowgUIlxOEtfB29vvQ7wTDhUDD7kzTj4ADKlZJZ5JwxX5JkabnLr97jXUq/Go7Cpfdi0w5V4JV8mhMuLayk8FexfwwZLBI6nVRAQBP8uMe9ZC1Vaxesj82h/eiV76lX+6qlMIFE/6K/suhZl1gGYpw0fhPhdzsONQHAVD1jQMlFkSafjU8p3ZvPX0u/8mVtZ/C/uTQMBF665p5BALp2X3ScUIIFwBL2IJqGJBGJD7x2O8kNIuqeQe7XyacSMIFiIr+W+rLkzQ/GO+dkq2ZZF6V5ZUQm/aso3DZEQ+D9hFzAivkP8nCZfvxpYuzRIq+OpVwAYJMvud0PaggBBu3Yy30cXgZBMX4F+3d02tUn1QAwikDBTXogSpkf0Ewt/G1QxIu+hwY1zu1F44HyRAHKogSj2SIzVU9AvcbU7eQZBNV8+f2/XN4Vuwc8fexx0/HmBUuUHtBqr+pIGhkdbO9lcZXsRrezYqX40ky5EQTLgCpZEnS9nQfKgTHIFMmu48T+ZKuUpFS+h8n5ngZzaioRgZA0QOsmpvZB9++D3rPxEtvcgxkzqus+zLSzD22uJHtTsIFzxpS9JeTRRESITbChH63IIf+DueO3ZcHnXojeVcu+jJSzd1JvX5buA7DggC7z1AYqnBBdSgn4bLrKZCDXiV11g2vpH+Tzh3TdDWLaUGVgmvvTmv2jxn7YxkbEVUt3gHvAnueVAyHcNGqRHEftASyEy6l/otIC1uCtiTrXEaQSkUMNHUmdksdT5IhJ6JwgVc7Uswd0MPqtw/dz6TXyyvVgjd6WqCSi+iP/pN9iKgA0he29nx2n8GAIeuAQ9wqbb9CbmG3jwMvmF0UhYrHNkijzW4D0PxvtnsDcw7SVzoNBEgMNu9JlzcfQoCShl/2uQ/61Lrz2O2HwrAJF3UJicAcXsqpFXDktWsS0O2WCnP1RQOZt6K+ESkkqWdLe/r2POMdA/nPxRkO4cqrqCsVpLok38/shEsOKXS16ipjkCl/9adtR7zYSewySfew22XCiShcgKiFL8b+yLakHgJ9CKIQtnMQwjbY/ViQqv/IV730SL/vQH2ropYwV7+C3T5bpkj1HwAP/6TvZ3uBb0/XkxFk/RvwgNHhnaT/DFKvsNsAeVcvPRv7w/ckPjP9DVZel1neyromdt9E4nnt2XYihRyAxRF2+6EwZOECUXf4MYgNFXcmrsAmklcBPoENO+x3gGxxSo2eCqgDAYVE2KkcOwwrbAlX3nQBu48TwyFcWDUcE2hmJVyCamyEMI1Uv5ADgRXyl76YLDhhsHGfIIWuZbfLhBNVuABBrvuVD+pPJu6X8B3FQPSFAXsKF613Y4V0si+9Pfehv8puni1ete4zYrApKUTHrptppFxNBGBCnU4gw8pXiuX6OHbZK2MfKwR938Uf/cdAUxd2JSFWuGDoZR7Jz0VSxQSGIlwQpiPIZKVTj5sKl0p2pqruhBRSD+egqb5lIykdeTpEJfQxHGzcGPfeTzQ7aiGUUXqhXAsXkkKXYsV83ul9zkq4oBFiVfMRiCvr90GGJApX7AvtTKwEnQ0nsnBBQkbsjzyb9LJRI3RRwyuF+pW6cgLKwYmBhqP95qDoD0bzfhiSsNtnypRr6idD6Sx2/olO6PojL8JQld0nkXw5tvIFTqUZJLDDKvRCoJZk4nWAuM5lUHz42+z2LI7CFRvSIpU8wG4/FIYiXFARm06lOA3boDSeQt5ymseDhIu28zdkk4i8I1SEUj5bqUDgwDsv+RrRd0o1/x2PREhHLoXrnK/WT4aMFqlKqGUlXPYXgbJGDf92mjAbCKyQp23hgvEzvZF3X+RQpiwTTmThAiCODqnGa+yDQL8nne+IHsFq+t4KAKW4xGDToX7iReeFmuCXNMhuPyAXLvRgxXiI9f+hy+9a+B8DVSmGlVFBJq1w/kyFi76YgeibidfC7jmSf2eSYE9QjUeT7gMVrsWQ1pnGD+aKIQkXpNt2cECl9y7Q0JmvOccuYqU+Amm6ae+oUn+G/TwTvJXGt+h5kkQzFmWQgbN4LoWLBt0Hmy3IrcZ+BmQlXPSFUSBPEg1DeGOSGk0/XEkASfXXiMHmHfZqBV3mfhei+dntMiW1cIXeYrfNltTCtdzCGqlht09FOuGiZdYHwDu3/ipwqmRfgvgDIQYaoehD0sQli6CEglD/MnZT7f3pnImxDUmmym6fCpjXEhTDwP5Ir/2AEyqCPppDrOHFTApQ4AAUATHtfFMgHBkIF5BfWatQt4dYhSmaNaIylFSF3AlB1k37WWHuZxWssuq5TW9ziXE6kskW9p6lEy6oeCUGwgvFYNOB/nObhN5n31W3QvX0OnY/4ANXhH3QI6LvlD98NH9uaFAVkvKuXnQ2FHbGDsNF+l7J+ivTB6jnmVa4MuyggB8eUkw67KXV5hln4zjw94yFCynkSFwsoFuJVPMfTiXsWQTZWCj64UWjQ017ObuidkgBrkjR30gSLnhY/NHuwSbhi+OrrPuok3DRtmvhx5xKqzmBVHKbcyVrcjSTlxx6E0gyfwO9K/vB7P9Qx4YPr0MviN2VxacQDQebn6BiEftlpdfLfrB+D06w7D6JoEr9U9gfXW9XwrYnbenkumocRopx55RLf5+2pxVnKk09ox+kvT7IOSVl/qIJSmhF3GdLkPQXJl+S2QQ0FITFCtnLLnjY/k6Nr3ul7OPyUjFxbuhjWDX3sM6ztJK1aqxN3BbyvPuqmq7yKqE3aVvoPvYKH9wb2sP3RzZ5IfljimSC4LBK822BoCvkyBRpyWR2m0zBSv28pB9a+syCO06jhaVQWidox0rW8KwpZMCCsEghmhhoWIggDVHcL08N/RVqTrLbAmhO/Sfjz2Hi+eCaQUWjfhvnV4Y+L2jmOnt+YintrtNxtT/yBKoM3Y8qQ7PpEAfsypuKBEVfirToY3BwyB5h5+YK34sqFiU5CmYD9kevgyVwttG04XQIE74DXZw8F5ARcs1pWI3c7yRcEEIB31tQjQHzlYtK+GtisLmN/eWFY4qBaC/SwmlXwhKB6y76I+uxv+EA/KJQg7JlNKYvCt341d4K52Dmfky//nRBNk0Qd9pTgiylsbQqWDP/iRRyX54U+lLfPZxbK4AjKA40PkQrQcPkL2QcgIdbMw8g1dwoqFnkboeEiX44f8OxeDhTNsNVmqYmED3km7esF8nGt9jPUyHIoZ+LwcakHGX0eYFyamr4105zR4MBKea97IIINXsVcyvkAQNDMllF7wG4hQQb6bAZ7ql9T0DEoj040Kj70pSuh+yo9rxWrOehmUdhCMVulwngc4dk8hd23jJudOI+2LQfaRHFyT0CKsKLVU27kt5JWqDF2B9zhqXfnTWkkBaqJfOXxUYXpp1QUzGcF+7gOVLDD7MdF9pO2D/YtAlpoS/13+mymg96JVIvBiIraXd/3jKr4Oo7YqtJ5DDkWMKqsQcrxjH425Rv3G1f2ED0LkEjMD80qPkn6uwYbLxOVIwQJEGDL0bj02hp+mSDiUzYHiresMdyAvuNi3zVS69DCnl6yrV/Sjpen8EyPhQXUMP3YBrrdnxxAYJgRU3/hs8f+RG4jdBKPUlthH8vtaZcexf8uj4A58wotOLChR6aTcIfvgurxl1IIQ8hWlJ+mVVwzR30xfAq5m+wTP4XVqfY3RMBNwNB0b/rq2qG47QXzF9O2wr3Mfbg7aElvFSyD3pYBdfcSSsq06ycqvEcPb8W+lImPw6FV+rnYoVch/0mXNuWKXAsKrx26hYkkyO4uukHXikycK8HogIkPQyCCQUx2I9ZkGZeioNN30cq2Q/D2T5xYCxWpeotHGy+DqtmBXucgYCiIHAfvZJ+P7gVwP1lz0GfVXhXrrkzZnf0/QBhP+31PglTC9jfcJe3sq5ucvCPjr1JeJ7hXFglSwqu/iM9Zt/3oskBjffgepc4OPU6QRMOyuR/kUrWwjOQ1O74NYqtWML5BIU8KarmNaK/rpTeW9VYRN9Hx3cSvvdS+n2Pf3fGrr4jds2O7wvvIFJIv8gL5Dc/ab+jegt9JlO0k2qRLWTfh/YlHoMiKPWfRoGmL0K9RXAqFKT6t7wS6fXK+r78ytAKpJlfQvOavkjDM4YIlgwvzRqpkbmCEvoKnDOV0c/pQ9soDeg2EENUwh8rmLdYgipFCHodDseNm6gaXxUDjVfak+PHFwIK59ecAXM22B+uhG3Y/fq1sbLuy4KmX1Ewb5mUaeVnFuhlISX6RWgvnA8HohVY1SvEy5yXzJ2A7A0F85bSNoFXtlcKPeSVQnu9cqjXK4XakUR+Q9sciNJtYA6HPUY6oMAvlJAHQ4pxOTiVstcSVzVXZnqfJl55UxGSjT9nEgAsKuZnC6qWDnwvJHIx0kL0eaHfMUtwRaQQnh24n+z3G9ACxhftlDUDfx/Ap0bPo+dS9DlO54KcZZAyaqAfrzjwrMAzg/zRywd67sHotfIbl/u08BWwegznst9JM+07ma3BM8m6uSAtNBveF/ocQfSFw35xo88VrZhlSP8fPHASz2EQDdMAAAAASUVORK5CYII='),
(2, 'pytest_user_1777378688188', 'pytest_user_1777378688188@example.com', '$2b$12$t8DAxWgt1/5co3uiznm84u9XmYlP5OR0X.yy/1J/7epUIEUeA4xk.', 'user', NULL, NULL, NULL),
(3, 'pytest_dup_1777378688965', 'pytest_dup_1777378688965@example.com', '$2b$12$Z2EVJH7ihIT0pNU/hym3veHcfISTAdMKqUloFB0YurfzHMH4a7d/i', 'user', NULL, NULL, NULL),
(4, 'pytest_wrong_1777378689758', 'pytest_wrong_1777378689758@example.com', '$2b$12$NAqh/tCKslri7rFxDs7fH.kxSXraKN3UTRTkRdLZYzzSw5cMeQomC', 'user', NULL, NULL, NULL);
INSERT INTO `users` (`id`, `nama`, `gmail`, `password`, `role`, `tanggal_lahir`, `jenis_kelamin`, `foto_profil`) VALUES
(5, 'surya', 'surya31@gmail.com', '$2b$12$rB.Q2rYtiK5p9jllHWDWMO8p4Yb59xUobLmyxi3eEQ5gcSWRnqLoC', 'user', NULL, NULL, 'data:image/png;base64,iVBORw0KGgoAAAANSUhEUgAAAS4AAAEuCAYAAAAwQP9DAAAAAXNSR0IArs4c6QAAAARnQU1BAACxjwv8YQUAAAAJcEhZcwAADsQAAA7EAZUrDhsAAHKZSURBVHhe7Z0HeFvV3f8FkYCWERJb95wrh3hk2Q500fV2vHTR0peV2HdJspMwmv9bWt7u3eJOINjWPfdK8sgEChRC2RA7CSSsUlZboFBGKSGJd/bevv/nd67kyEdXsmTLKzmf5/k9EOuOozu+OuM3XC4OZxyAJeMib2VtBft3DofDGZNghVQKCnnDdYlxOvsZh8PhjDny5yy6zDdvqYVUfQH7GYfD4Yw5Jlfc8hVx/vK9YlXzC6K/Lp/9nMPhcMYWlxinI9V4zbfgVgup9d9mP+ZwOJwxB1LMet/8FRZS9B6XXHMa+zmHw+GMKZBq1MG8lljVbGGFPMp+zuFwOGMKLJFbQLSwFrbEqiYLafqn2G04HA5nzDB5Tuiror/BEv1RSww2W0gznj57zo157HYcDoczJvDKt2BRC79Ih4eqYfnmLYf/LmK343A4nDHB5EtqzkFK6DnfvGUWVoklBhospIU35l2xyMduy+FwOGMCQQ59T6xeamHVpL0tMdhoIYW8zW7H4XA4Y4J8pf5/cCC6TQxEqWhhzbTEQKOFZENht+VwOJwxgaDo7/iql9AhYp9wBZusfK3uo+y2HA6HM6oUzq85A6nkd2JV8yEQKypaMClfvRj+uxJV1Z7J7sPhcDijCpLqPwl+Wtgf6RMtKlzzV0Dv60Z2ew6Hwxl1kKyvhiFhomjRnlfVkoNChf59dnsOh8MZVfKl0KXYHz0sMr0tEDKkkjdcLtcp7D4cDoczauTPuXEm9ke3g8tDv95WTLiwSl5h9+FwOJxRRVCMm+xVxP6iBT5c4BLhlfRvsvtwOBzOqFGsEYRVc3efzxYzv0WHjpJRzu7H4XA4owZWie6bt7Q3SbRiwoWDjVaeFvo4ux+Hw+GMCqLfLMWBhjbI/JAkWuAGUbXY8ir6nZODxjnsvhwOhzMqgG8WzbMV95BnhWvecohP/DG7H4fD4YwKqKpWwKqx13FuKy5c80G4jN+y+3I4HM6oIMi66Zu3xHluCwwm5qsWW0gK8R4Xh8MZfSbK+keQP7IJcmwlCVbMaDYIhfyH59/icDhjAkGqnwvDwFRzW1S4qMe88SK7L4fD4YwKSA61Qo+KFSsH4fobuy+Hw+GMON7Kus9gLXxU1PrHJLLGhYvD4YwZkFR/r51HPlmskoRLMf/O7s/hcDgjCqpqEEQ18qQvVrUnndnCRbhwcTic0QVrhlQwwKS8bRBc3QDB1Y3sMTgcDmdIvHvfmULbo66PWDWuU9nPkqhZ7xagInUGvS0ao+iPWKgidDl7GA6Hwxk0b97l8u1c736tc/WEL7GfOeGVI2chRd+XKi6xv3CFqXjlXcGDqzkcTo7Y1OqavP0Zz/P7nvHs6ll72kz2cyewFv64qJl72QynjhYTLqRFZrPH4XA4nKzZ8KgL96z1vGC9eZrV1XpaDft5KpBqPGAHVDsIFWtcuDgcTi7Z9MiE5iPPeyzrJY/V0+rJqPLOxCv1c7Fmroc0NUki5WRcuDgcTq7oWjXhy7uf9Oze9aTH2v2Ue0/nYx6V3cYJQa6vitVGzMxiwoWDjTzzKYfDGTwbHpvw9V1Pevbsespj7XnKY3W0uF+xrMwq72DVrIDcWkkClcriPS6FnM8ei8PhcDICVg53P+nZBYLV2eqx9j3tsbpXu19jt3MCVd1+JlbNO3xsvcR0Br0tLWx5K275LHs8DofDGZD1613urjWelw8/b4tW12oYJnqs9lb3Q+y2TuTPbRKpQ6k/nCxQqSzmx5VfUbeQPR6Hw+EMSNfqCTftfdoWLLCetR5ry1qP1bXGcwG7rRMTAw2TsEIyc4NIMMgeIciklT0eh8PhpOTlZpenvWXCb6CnRYUqQbi2rvVYnU94Mlrx80r6z8RAw1HodbHilM7s7BDmq+zxOBwOJyWbHnF9cud6t7V93XHRosK1xmPtfNJjbW71fJjdxwmkGI/7qjP030oSLp7WhsPhZAg4mW5Z63lyT8IQMW4HnvVYXS0Tlnevd53F7ucEVoxHnKtUpzcuXBwOJys6W9zN1t+TRQvs6Aseq6vV/V12H0cubPYIMsnc8ZQLF4fDGQxdradfvPspdyc7RIwbeM13trh/xu7nBOSWx8GmfXSV0EGc0hkIF1aNF9hjcjgcTj/+85ALdbZ6tu995rjrQ6LB3yDUp7tlwq/ZfZ3ACrnOLoqRLEwDGeTjEhRjw7kVtYXscTkcDofy+krXad1rJhggWt1rkkULbOd6j7VjnXvj5kcym5gXZP0bGQdWO5hYvRRcIn7OHpfD4XAoMEQ89Nf+rg+s7X/GY3Ws8jzH7psKJOsLhiJcvJI1h8NJyTurXN6u1Z51iY6mTrbvGZiY9zzP7p+CUwRJvyGr4GpWuOYtt5BKfsoemMPhcFybV7mXWH9LFirWqHCt9mQ0YY7m1gqCTNozyniawsCNAslkiWt+zRns8TkczklM21rPR/c+427fsT5ZqFgD4epsdWfkoiDKZCpSyFGIOWQFKWODLBGqeViQ6jMKL+JwOCcBkJams9UTOvai8ypiosGE/Y514ApxSkYrij617jykkINDEy672k+BYma0GMDhcE4COle7PgWT8VseTxYq1uKT9ptaT5/OHseJnAmXP2rlKfVfZI/P4XBOQsD9oW2VuzU2bzWgxYWr7bHMimPkRLj6POj1Z9jjczick5C21gmX7XrKcyST3lY/4Wo5bRZ7LCdyKlxK6F/s8TkczknGO6tcp3esdq+zJ9uTRcrJRk24YFXSH+maLNV/kj0Hh8M5idi8yvMhmGzPtLc1msIF5pu/wsKa/gf2HBwO5ySircX9x/2QnsZBoFLZqAoXpMXRzDtQVe2Z7Hk4HM5JQNsqz0f3PO3ZDHGHrDils9EULrq6GGyyxIBxIXseDodzgmO97PK0r5pQDxkeMp3bGhPCBcU2go2WV9F53CKHc7LxfotL7GjxHNqaxdxWonB1rPL0vvfgaAgXrC42Qp3Fd9nzcDicE5z2ljM+373G05suA0QqA7HrWOU+vPkR1wz2uE7kWrjocLFqyUGkmt9mz8XhcE5gOls9Tx74S7IoZWIgXJ2t7kPdra6R85xnzDdvGWSLuAMyT7Dn43A4JyAbH3VN2rrW8zIkCmRFKRMb9R4XGARd+6O78/0kozZwOJxxTnur+3rIF88KUqZGhavFfaztMdeIhvywRgtvyKEb2fNxOJwTDMvlOqWj1f2LoQjX6K4qHjfIFoFVYzua2yCw5+RwOCcQW9a4fJ0t7o2QloYVpExtrAgXmG/esl6k6nXsOTkczgnE+w+dXgxDvcGsJo5F4RIDtmsEkmqL2fNyOJwThLbVEy6HuMSeERSuWAbU3uEQLjCxeokFdRvZ83I4nBOErtXudYNdTRyscBXOX3EGkshDscKuOTdwSBUUnqeLwzlh6V7teSHThIGpLNtEggBSyFVDKU+WzkToyfkb9qNK/QvseTkczglAR4vnr7kSrq5HTy9hj58KQQldO1zCBeabv8wSVfNe18JmD3tuDoczjml/bMLF29e5t217IlmMsjHI3wXH6Fzlvp49RyqGWsl6YDMtXNV0yKuEPsuem8PhjGO6Wt01vYPIBuFksYKwL7LnSIVXDn3Lt2CFg+DkzsSqZgvL+sPsuTkczhims7Cw6J3J089h/x6ns8X9s6E4niZaNgVhgYmV+hcEf7SHzkc5iE4uzJ7rihzNl+ovYs/P4XDGKG3FpWZncXnKfOy5FC7ImtrZ6nmWPUc6oDdEM5g6iE6uzFe91MKK8Th7bg6HMwZpm1r6ra0l5fvbiktTrvTlUrh2PwX/db/V0+IS2fOkAqmkZbiFiyYaDDQexlL9dez5ORzOGKJ3+vTTO4rKdmwvmW11Tv1QSg/yXAoX2KHnIEvEqT9kz5MK6ssFgdFJYpNbA296QdF7Js7Xz2XbwOFwxghthaXkwLTzj3UUlx7tmnpBSheFrlXuG3IpXEdf8Fgghux5UoEloxyp5r7hnOeKGx0yyiGdbQOHwxkDtE8t/di2krLtO6fNttoHEK6OVRNuPPzXZAEarIEIdqxy/yLTZH6ivzkfq+ToSAgX9LrEYNMGVBmZzbaDw+GMMm1Fpa/vnTbb6iopH1i4WicsOpRD4aL+YGvc295rcWUU+jNFWjIZq8YrsXQ0w2zE8s1fbnml+ka2HRwOZxTZVFjq31VSfri7uMzqzkS4ctzj6l7rsXash4DtzEN/sEaqCqCoq0ocxCbHpoUhZ1evoBjXsu3gcDijQHd5+Vk9xWXPHJh+vtWeqXC1uH+VyzkuyDBBe11rT7uSPVcqsGZcIlYt3k5TL7NCMwwGq5jIH31JXNj8QbYtHA5nhGkrLPvm/mm2aHVkKFy5XlUE2/c0/Nf9CnuudAiq8djwhv/0NxAvQQktY9vB4XBGkE1TZhS0F5a+v72knIrWaArXnqfoyuIbm+5xfYA9XyoE1TDEquajNL7QQWhybfZigHlYVEIfY9vC4XBGiPenzgT3B6szJlqjKVwwXNz1lPtIe8upGc8jTQ00TMIKOSD6o0kiM1xGh4wKeZptC4fDGQE2F5TN6C4q27Qjobc1msIF1vsi9Lo8v2fPl4rpQeMcQQm9MTKrizGDObVg0wEkkW+7ZHkC2yYOhzOMdBSVLjyYMLeVjXB1rHLfQEXGQXyGYruehFQ37r+33e/KY8+ZCqSENSjqmiQww2kxoZwk10xl28PhcIYJy+U6dXNR2duJc1uscG2bNvs8dr84HY+5vr71cffuoebjYg3yc0G2iM2PTfgSe85UTJHqJ4taZD2tjcgKzDAaOKZiLfKnSfLNE9k2cTicYaBzarm8raT8GIiUk3B1FJce23jerI+z+yXS2ep5bqgZUFkD4YKg67aWUx9jz5cOJOtLhj/omjXTKrjqNkuoCC1k28PhcHLM697yszqLyp6FSXlWtOK2C8J+Cmfdw+6bSPfq3AsXGAhXzxr3hp3PuCax50zFJIWcj1Xz2EiEACWaPbdmvoM0Hg7E4QwrbcWz5L3TZvcmriSyBqE/HUWlaZP7dbV4Xt73bLLw5MKOPO/p7VpzWg17ztRYpyBFv98HmUsdBGb4jFi+ecthlfEl14ULeY56Dmc4gLmt9sJZvwWHU1asEm2PLVxpy3S1PzZhDq2ruCZZeIZqNA6y1X3r6ytdp7HnTYWohD7rCy7eh7WR8enqMwgHCjYdQZX6/7Ft4nA4OWDLrM+c3VZYumuLw9yWg3Cl9VVqX3vGVKjSM5RK1qkMxHDHOs+xzas8H2LPm5KamlORYtwHVXqSxGW4zR+hzqnCXF5MlsPJOZvPK/vt9pLytMPEuHBtLpr1HPTQ2GPE6V51+rSu1Z7dWx9PFp5c2N6nPVZHi/tu9rzpQFL9J7E/fHik57rAILEh0sIvwrCVbReHwxkCmwvL1qSblI9bT0m5tbW4bF970cyUQc9WjevUrhb3z4fDERUMskVsf8KzqyubXhf169Lvp1V6HMRleM2k1YGQSu5AVbVnsu3icDiDoL1k5ue2l5R1bh1gmAgGTqlHZ1xgtZeU/pQ9TiLtLe7vQPZSVnRyZcfAyXWVJ6s8WIKk/xcONh0c8bkuMJjvAvGqrP0U2y4OhzMIOkvKrzoGYuQgVE52aPr51uaSmd9lj5NI1yrXh7rXuNt2rk8WnVwY9Lq2rHW/1/6wK3MP9Ytq3KIWXjkqc13URSIKnvWv+yQ9o6SIHA4nBS+7XJ724pnNdNLdQaSc7OD08622opk3pJvnArpaPc8e+Euy6OTK4NidLacuYM+bDqTpn0L+6P7RmOsCK1hwG7hILGbbxeFwsqC7sBy3FZUdhLkrVqBSWU8x9aDft7mkbAZ7vEQ6Wk79FfS4hsMtAgziFzta3G9n4xoBCHLdn0femz5mMEz1Rw9iKVTNtovD4WRI97Ty6R1FZYezEa7u4nIqXgMJV9fjZ6KOFs+R4VpdhHQ3e5/2HG1vdX+bPXc6JsnNE7FmvjbSMYxxo171/sjh/MpFn2fbxuFwMqC9qOzePdPO72XFKZ2BcHUVl1mbpsz8BHu8RNavd7k7WybcOlzDRchAAR76W9a6X93yoOts9vzpENTQQrFq8cGRSu/MGpQ2Q5pxn0teydPfcDjZ0lFU+sRA3vKsga/XDjtmcUBfqs5Wz9VHnvccY0UnlwbC2L7qlDr23AOBFf2d0ep1gUFqaa9c18S2i8PhpGGlyzWhrbDsyb1ZChcYTOa3F5e9xB6TpXu966yetZ4X9g9T7CLY9nW017W9/WFXKXv+dIgSuRgm6rE2OhP1dMioRXZMurIuZZogDofDsHlq6aU7S8p325PtyeKUzrZBbq6iso73CmZ8mD0uS3vLhBBkdoDUNKzo5MrAZ6yjxb3csjIrHBtHUPRbR22iHsQr2GSJWvQNJJnFbNs4HI4Dm0vKvkOdSR2EKRM7DP5cxaU/Y4/LsnnNaTO2PjE8sYtxgwWAvc949mxZ7bmQPX86JgeNc5AW7hGDjUmiMjJmZ5EQpPq0qYI4HE6MzdPKF4JPFitImRoIV3vxrJ+zx2XZ9JzrA52t7pWHnvNYna3JopMr2w9+Xa3u29nzD4Qg1d9AhWs0POrBYKgabNyPVb2CbRuHw2HYXFT2HSj2ygpSpraluMzqKirrAZcK9tgsnasnfOnAs55dkO6GFZxcGaSL3va451Db/ZlXvY6DFeNu30hVv3Ywmu7ZHz2MKm/miQc5nFRsnHrBpLbCWf90yi2fqcHq4vaS2VZX8awL2OM70d7ieezgc8mCk0vb8zQtqvHW5lWuKez50+FTjc/gQOO2kSxnxhrNIqGQZrZtHA4nRvd506eBL5ZTbvlsDFI5dxSXPsge34mONe6PQ69oOOe6wLeLZqVocX8fslSwbUgHDBlHvCpQPzOtggUrQLx+w7aNw+HQohgzi9uLSo9k4zHvZDG3iH+yx3fCAofU1Z4/Hxjmua4d6yBLqmfnhvWuM9g2pMNXHc7DmvmX0Ul9YxsMGZE/0iZUhFKWgONwTlpyJVzQa9s/bfa+zuKya9hzONHZOuGLB57z7B7OXlesItCx7jXu5u6VrrPYNqTDWxn6Kq2NOEpB2HSVsZo6xb42ee7NWQ13OZwTnlwJF7hSHJ5+gdVeWJqxB3j3avdDNHe8g+jkykAYj73gsdofnZAy4WEqkEx+Z/e6RmmVEbzqF6yw8iU9zLaNwzmpyZVwgYEDa3dR2c6N583ysedxorPV/Unwuxqu4Ou4gdNrR4v7H72rXKezbUjHmXNrBSTru3xVTaO3ygi56oON25AcUnjKZw4nRi6FC2z3tNlWW2HZL9jzOAGT5u2r3PfZflfJgpMrg+wRIF7tj516LduGgRBU8mUx2LQNj9oqI7F8wWaYqN8OCRDZ9nE4JyW5Fi5YXdxcVNq5obAwownx9lXuz+15ytMLq4ys4OTSII5x37OeA91PuD/DtmEgBEm/3Td/+aj1umiu+mDjUaQaIfGy5g+y7eNwTjpyLVxdJeUWVAnqmFqaUdl5iClsb3X/1K5OnSw4uTLo0R3+K7hJuG+zrCzdIzSCsEJeGM1VRki7A+KZX1l3Gds+DuekI9fCBQa56LuKSpe+Xl6eUUZSCAXqaPG8C/njWcHJtUEQ9qZHJ/yBbcNATJZCkjhv6SiuMsZcJFTzRRyIFLLt43BOKoZDuLpp1oiyo5uLZ2ZcNqyrxeO3Xk4WmlwbeNTvetL9786W04vYNqSlpuZUQTVvhCwOrKCMpNm56o072eZxOCcVXVNnlLQXlR7LpXCB7S6ZbW0uLB0wwWCc3evPyt/+hLsFhIUVm1xafMjY9tipq9k2DMQk+eaJgkx2iKO+ytjUI6jGlS5XTVZDXg7nhKFdLJnaXlR6INfCBbUZtxeX72orLPsoe85UvH2/q6x7jefwcE/UwyrjtnUeq2PVaRLbhgE4Bavm131VTVtGdZWxqslCkr5LvKyGT9RzTk5ed5Wf1lY0S9+XRVmyTIwWjJ1+PgRg32ZddFHGy/idqyf8ergqXyfavmdgMcC94Z1VrnPYNgyEIIf+ZGeQYEVlhEyjq4y9WCE3uy5s9rDt43BOCtpKyq+CCXVWfIZqEAa0o3j2wbbC8o+w50zF5jWuGTufdHfCKiMESrOCk0sD8WpvcTf3vpOdY2rB3JunINV4cVTnu2DIWLXE8krGJWz7OJyTgs0lpd/tHUIG1HS2u+R8q624dCV7znR0POb++PZ1noPDPWSEnGAgkJse8GSUjicRr0TkggW3UjeFJFEZIYO5NkEhz/MhI+ekpGNa+SV7Smb3bMnxPBcYzJ1BXvoNhTO/zp43HR0t7keGO1MqGBST3bXe80Ln+uxWGadfYpyONeMWmvhvtDKmUsfUZiu/slZh28fhnBS0FZWuyrY8Waa2c9psa1tR2YZOVJixOGx93nXOlic8L0DJseEeMlp/91htre4b2DYMBLq49kyskj0+OmQcrVXGKKwy7kCVtZ9i28fhnPB0FJc9d2CYhAuGoIemnW+1F5X+hD1vOtpXea4B4RrO1DdgEOTds9azu70lywwSNTWnin5zDg42bQc3BVZURsagyAYkPSRLyuWVGTn8cjgnDO3F5cEtxeVHIGSHFZ5cGAwXO4tKd742ceok9tzpaHtsggmpb4az1wXDUThH92r3q+z5M0FQycrRLG1GVxn9USuvoi6repIczrinrbQ0rwvS0gyTcEFe+p3TZvduKS69B/Lcs+dPxYaHXaU7n/RsoauMwzjfBXGSB5/zHOpocX+fbcNA5PsbZyDVODp6vS67LiOS9dWu+TUZBbdzOCcE3eXlZ3UUl925j5YaSxaeXBiI19HpF1gbi2ZmNSRrf8z92V1PevYO9yojTNR3r3Fv2rr+A1lmHK051SvpRAw29bKCMmKmhal4CTKpYlvH4ZzQbC6c+fW9JbMPgf8VKzq5MhgybikpezvTikBxYJXxyAvD2+sCoxkkWj2r2PNnAtbCT4/mkBFqQiJFb4PQJLZtHM64AZbsvXPr5UwzZ76C0Jmbi2b9be8wTdKDQW+ud/oFUBEoq4rNm1pdk7c87nn2wLPDO9+1/QkaiL2jrWXCV9g2DIRX1SuwP3ps9Hy7bPcIXGFklMiRwxmTTJKbJwqq8Sf27+noKCwlu0pm98KwjhWdXBlkj9hVMnt3e1HpN9jzp6NjtWf+0eeHd5URenT7n4X/n7DhP2tdWfdcvHL9y3aRi1FyjwDXDC28QbicILZtHM74QK45DSnGy15F/xr7USp2Timf3FZUum84nFHjBr0uKEDbXVLe+/7UmV9m25COtlXuGltYhtf2PQtB2J4b2fMPhFcxP4z90R1iYLSCsA3LN2+5JVSQH7Bt43DGDZCrHGvhu2HYyH7mhOWSJ3QUlf4KJtGHa5I+bvumnW/1FJWutVyZB2G/f59L7Gp179r79PDOd8Eq5ta17q6ux8/MuuciSHqtWNV8dLQ86iFTK5LJKh4KxBm3IMV4W4QJY6mxnP0sFe8WlMzYVlT+zo6S3GaMcDIQr7aisjst14UZZzlob3F/fs9Tnm2QR54VnFwaZKnobPVkXG4tzhSp/gNIIVtHrdcFc2zUNSNaxraNwxkXIIW8CSlYkKz/mf0sHf+ZMvMTsAKY6zxdrMFc2pHpF1ibikqzCrlpe3TCkmMvJotNLg086rev8+zuWjUhq+EsLIYIKvkOLbChjNJcF+THl0jGiRw5nDEFFa7qpRaEpSBNzziebaXLNaG9uPQeWGEc7iHjzpLZ1o6S8nfbiktnsu1IRft6V37XGs+zkJqGFZxcGQxFIeSoo8X9Gnv+gcAVkUIcaHgTXBRYURkJE6EKd6BxqyiTz7Ft43DGPCBcYrDBshPfmcsznesCrPLy03qKyl6F4dxwihccm853FZe9+25B2Qy2HanYvMo1ZdsTbupVz4pOrgyypYJHfXuLJ+uajFgmvxKrlxwZnUrYxCq46jboaf+abReHM+axhctOvQLxbEgh57PbpGPDebMWQI8Iho3DLV6QnWJHSfmbPVn0vDpaT6uBXle3g+jkwsBnDFYxtz3h+WvHKpeXPX86CufXnIEVo5v2fpKEZfiNhgFp5urCK/Vz2bZxOGOaPuE6Hs/2IOROZ7dLx8bCsm9CnCHkkR9u8To4/Xxr89SZL22a4voA245UtLW4l/a+OHyrjCBedKJ+9akae+6BEBTjuzR7g5IsLCNhYvViS6isy3KOjsMZZfoJlxahcx9ehVSy2w1EZ3HZNZBXa7jFCybrd0GFoPNmfYdtQyraWtz/tfdpz7bhrMsIcYydre632XMPBK6oLRT90TdowkEHYRlus+MXQ+vYdnE4Y5pE4bIf5EYYMnZOkslUdtuB2FhY9r+7ICngMIsXiOPuktkHNxaVzmfbkIqO1tMvodWwh8mrHo574C+egx2rPBlV6E4EySGdrjA6CMtwW2ya4N88fpEzrmCFCwwCgQU59Ct220yI97xAwIYrLAhEcVtsXq2juCyjbAfvrHKd3v6Ye/1w5e6CY8IK4/Z1nr/ufjq7ua68ytovINU4MFolzXzzlvYKivlLtl0czpjFSbhoCpSqxZag6P+P3T4TNk2deU1XcWknCNhwiheEBe0qKT+cac8LJs93rHO/OpyrjDDX1bP2VNXKcp4QqcbLozVchDk2QSWmayEvZcYZJzgKV3yiXjXbvfItmN0nE7q9NH/Xn3qnf4gKzHAImC1eds9rc1FZNdsGJzY9eqof4gyHKxB713o61/UOe96BwFL9JXbwdbKwDLtppoW08OF8zci4OC+HM6qkEi4wX9VieKgfgWBsdr9MAD+vHdPK5rQXl/0LXBkgMDvXc1/2sBHmvMoPby6aOaB4WZbrlPYWT2jP057e4XCRgGSG3avdBzpWuS5iz50OdHltsaAa742KawQtINtkef113BmVMz5IJ1xgkEkA+yMPeeXIWey+mfJuSYnQVVR2U09R2RHqSJrjMKF4z6unuMx677yZA5bi2rDCdUb3ave/DkJ5MwfxGapBQsP2VZ4Ie96BQAppHq0K2DBMFRT9XrZNHM6YZCDhAoM5ECSRhy4cYjn3DQWzvri1qPyPu0rK9+2bNpuWJWNFaLAG4gVuEp1FpW2bpkwpYM/N0rF6wte3P+HZDfGGrPAM1cDtYvfT7ve2Pn5axoHrQL5W91Hsj3aORvC1nR2V/JttE4czJslEuMAgntGrGitzUWzh0LSy2W2FM+/tLCp959D08+kcWK7SQe+1FwTuglhK9rwsHS3uX1l/y71jKvTijr7gsTpWn5r14gZWyAaa7M/hHgyngVgiLdw2WarNSmw5nFEhU+ESYR6keomVr+j3uy65PuN4xnS8h4sKtxSVVXcWl74C4gV1G2HIN5R5MFgEAO/6rqKy5ez5WNpazzhv55Oe53cNwyrjzic9VnuL+5/sOQdCkPSb7HmukY9fBF8yQdHDbJs4nDEHVvT3MhEuappp+eYvs3Cg4QGvXDPoOS+Wd6ZPP6ersNS/Z9rsx9qKSjdCkkKYyO8uHtxcGPTeDk8/3+ouKl9qXZg+j9e7D7gu2Pa4PanOis9QDI63da1nz8ZHXRey50xHXmXo43Z65VEQLgg90oxb2DZxOGMOJOn3Zus/ZFdGNh7Nu2LR2ezxhsoGcWbp/mnnf7+9qGxXV3HZMRj6DWY10havC6xNU2cS9hyJWJbr1I5WT2Q40j2DT1fHqgkr2HOmI182LkSqeUQchYIavnlLLUExwlBOjW0XhzOmyJfqL6JDkyx/4X1VSyykGv/wSrUSe8xcsOW8Wb6eohn/3V5c2tJVXLYfkgnCamQ2c2HUx6u4fMvmgulp6yD+5yEXgnqJe3OcuyuWq2tNVkU1FjZ7sKJHaI40h+s+rAZiqUX34LnkE2yzOJwxBdZCHx+McIHRuEbIpKkaN7ik+oyzNWTL5pLyL+0pLl8UL9IBvbBMBWw3BH4Xl785UBLCztYJl+1Y7zm2JYerjN1raCkzq2fNhEvZ86UDq8ai0XGLiJUvU/T/ZtvE4YwpIOvpYIWLmh8ySsBSuvGWr2rJ5bmc+2LZUDirqKd4lrxzWvmz4PoAojSQRz4MMQ9Nu8DaWDjrBfZ4LJ0tnpeob1cOVxmhgGxX6+kXs+dKB5Lqr8KBxn0jX3/RpPdSVEKfZdvE4YwpBMX4dCxDgMODnKHBimOggc6RYH/D+vxK42r2PLmmvbjsmi3FZc/smTbbAoMeWKp5sJ7icmvntPL9ncXlMnucROgq43r3v6BCECtAg7U9T3msjtbT/rRhvSsrNxKs6K+NvFuELVw+Sf8vtj0czpgCK+QTon8IPS7G7DChiCVI+iuoevFlky+pOYc9Z66A1chd08qv2F5c/hxUHAIBY0Ur3usCd4udEJA9rWw2e5xE2h9z/3z/s56jMMxjRWgwBpWvO1s9B7aucmV1HZBC3hh54Yp50Ms6uJJkFSTO4YwokIcJsp767Lmq3Bhklwg20h6Y6G94CivkOva8uQaqXm8rLn8SYiJTJTOEubH24rJmy+VKuWpmvezytLd4emCiPhdDxh3roMfl2dK90pXVEBop5F+jJVxYIZtd8soBHXg5nFFFUPRf0phEhwd5qAapgcErWww0vO6V9PvFYPhjriGGDqXizbxZZ+8oKv9GT1HZTvAFY+e/YDh5dPr51vtTZ/yI3TcOpKPpaZkg734qN+FAPWto8dijnS2nZFWUQpB1P9QAyFVPOFOLCdd/uHBxxjwCXcUaHuGiFss+QFchAw2WIJOHRX/jr8+tqC1k25ILNp4383P7p50f3UHzdfUfPkKCw+3F5a+3l5SnzfDa0eq+6/DzyUI0GLPz0bsfYM+RDqSFZotQtJULF4fjjFfVfyRWjVCZLBCxqmYaXoIUYyP2R/+GNUOaEmi6gG3XUOkoKb1hb0n5uyBWifNdR6ZDObXSb6dL9te19vSSrY+79+WiGjZkXe1qdf+JPUc6RCX0MS5cHE4aJl6pnwuZATIO/cmRQe8LRAyGRDHv/eViVfPPfGr0PLaNg2XnlPLJHcVl68GLPu6BT3PiF5V2Wa7ytHnGOls9TbnwqAfh6mhxZ1U1mgsXh5MBWNVfHY3JYGrwckIcZPViy7cAHC/Je9jf+LwgkUBesGEW29ZseXPWrLN7issf3F5StjeeSmdvyewjm4tn/ZzdNpHO1Z7z9zzt2THUuS5wat33rGd715rTMy4DBo7BvqH41w3SuHBxxhVYIW+PmnAxRp0gaU8sAqlWLBxoWiZoZC7b5mzpLJz1xR3TyrvBcRXmvrYWl7++8bzZ09jtEulocS8+9kKyGGVjsDp57EUYLnoC7PFTgaXacqyYe7F/ZJ1QuXBxxhVYClXTKjMj/Auf1mhPLBwL6ia9YlXzU1gzwkgyi9n2Z8r7U2d9pqe4bDuIF8Q/theWzWG3SWTzI64Z2x537wa3BlaQsjHwyO9Zc1paB9h+XFbzQa8UWhMLqRox48LFGVfgOXoZHoWhSWZGbAED1woo4qGQg9gf/cVgCtcCG0tmfm5nSXnXsekXWG2FpbdbAyQdbFvlXjLUua6shYu6qZBbYpk4Rsxs4dLf48LFGRdgySjHWnjXSA9NBmX+eC+MrlA+hVTzmilfrZ/Mfqd0vFMw/dNbimZthwn7junT09ZB7Hj8tPJdT3r2DCUAezDCBcHroyFcSCabuHBxxgnWKUgmvxvpF2VIFu+F0ZfNeFPQzG+45JVpVwoTea+g6FNbCkt72opmhdjPErFqXKf2rHE39744+OIagxEupBq/Hun7QUN+KvWH4Xlg28PhjEmwTG4sWHCrPTRzeKjHrMWDvBesgGHkamFu/afZ75aKzVNnfql96sw69u8s7Q+fVrr9CXcHFMJgRSkTGx/CZQdZY8m4hG0LhzNmESUyFwebt0KqmuSHenyYWAVpj8OHsUJ+kGlu/HSxi4m0t054HfJrsaKUiQ1GuEZ+qGgLV4FiZCz8HM6YACnGMxBfmPxQjx+jDq3gTOuPPptfWZez6szta0699tBzyaKUiQ1GuJBSHxrZTKggXE2WKBNeGJYzPsi7Uv+CL9CkYsX4z6hUU861xQp7iMHG97Gql7HfdzBsXvWBKduecL+5cxDDxWyF6+w5N+YJsv5SLKJghMwOx+IZUDljmkly88TJUv0nxUBkJZLJYRpoTbNujrM5rjQmQn4wf8Nmn3zLR9jvPxg6Vntusl7OPuVNtsIFPUUaOzqC7ilwrQRFf2SKlN0KLYczIngV88Mo2PQjpEa2ItXYZ+fNGr/zWumN0OSGor8hJz2vzjU05c2erVmUMwORO/oiTXHjZ4+XClE2LqQVrUdQuGhdRZXcyLaFwxkTYMW4c8o37qZideIKVn8Tq5ZAPciNXlkfcs+rfZX79WwqAm1b57G2r3N3daxyZ1w9ZzSCrGEhAGmklm0LhzMmwKrxTV/V4lEoxjCaZve8sD+6cag9L0jvDPNcmaZ3huwQ7S3ue9njpAPaOJLCRZMWKmbXpLnkfLYtHM6YAct6+8hO/I4No+IVaNjok/RBZ53oWuO5AApqZCpcR17wWN1ZJhKkOdJgqOjwHYbD6CqsQt5j28HhjB1qak7FCnnoZBQu2vOCJIZSfVpv+XRsfNRV0tnqfjcTZ1RI3bznGc+RztYJv2OPk46RzjkPwgWZadl2cDhjClSpf4rO+zg8xCe82cU8jgpK6Fr2umRKV+tpN0AIECtUrNFiGS2ebW8+6DqbPUY6sKy/PmLCFUutLfCyZJyxzqTK0GxBMdtHcjgylgx6GEgz9+XPqUtb4ToVXavd39//rOfYQMNFW7jc27Kp8oNUvQhrkQ0j5k8H82j+yFFvYOgLFxzOsIMVcnPK6j6x3PAj9qs/CkbnuxT9Hva6ZELHKpe3s9X9zu4nk8Uq0fY9C+XJJtxorUyfOicRrOl/8M2HTLDJbR4O81UvgVqKf0ZVtWeybeFwxhy4orYQaeG247/sxxP3xea/nkMqeYV90E8UEzVwBYkcA7829tpkQtdqz8v70sQuQiYJqPDT0Xp6xkHLXjlyFlLI7SAmbHuHxeAHqnrxUaSErmfbwuGMWQRZ/xsEJtvlw5ospBqHkBZtElRjIXw+Sa07D7KPnqiuEyAQSNHXuFw1GQVaJ9K12v0KrC6ygtXX23qGukG88Z+HXWlLoSWSPzf0MQw/GiPlBgFDZpW0TQzcNIltC4czZvFqIYn2sKoW/wur5q/EirrSfhtcVOP2yqEmu+7iiRMK1Gf2kPigoJKMC1nE6Wn1fGP7E/bKIStaMPd14C+eIx2t7hvY/dKBFKJR14QRE64mcIN4kG0HhzOm8cq3YG9l3Q/RxannNwSNfEgMNHSM2GTxCBvMdQmy/jC4ibDfPR1tLafN2rLWY/WsTRYucJXobPFs633O9QF2v3QgdQTLxIE4BhutgkryIbYdHM4JAVZCi33BkS3cMFIGc12iZvb6slxVA0fUVMK1+2kQrgkrLSt10VkWQdHnIC18cKSG5fBDhBT97YK5N09h28LhnBAUBG+egmRybDwnGUxnkPcKKcb97PdOR3er58NOoT90mPisx+pumfA1dp90CAqJ2EPy5PYNh1FHXFn/NdsODueEAimhH/vmjdBq1wgb+LMh1ezKl+suZL93Kjavcc3oanX3bEvIFAEriYef91g9q91rt65yncPuk4p8NTwTBaI9I/XDYPuxRd4QL6v5INsWDueEASv1/4OCDbeN2PzLKBj4tIkqybhoK9DZ4v4ZuDzEhQsqAe1+ynOw/ZEJWRWwRXJIHzEXiFhQNVJJJ9LMH8+6YlFWXv0czphn0ld+MlH0N1wrBhuP0BdLOQFXFmNGeyGKsQZ8qdjrkIruVvdP4sIFebcO/9Vjdaw6NatVOq9MPkfLwo1Qb8u2WK1Ke0X5Na9q/ohtF4czLoHUKkKg4QV4oU+GvF3wHZFCDvvmhPPYa5GKxB7X7qcgxMf9Zs8a1wx2u1TAqi72R/4ijuLChx0h0WiJwebbkGR+km0jhzMumBw0zoG0KliLbKa9rBHyKRpto8KlmvuhOC57TVIRFy6YkD/2InjJu3/BbpMOQQoFR3JCPrWZdpFdf8NWpIT+mK1rCIcz6giS/ouCa+6ky+UnpNNpGoO860g2Ms6dFRcumhG1dcJT1ssuD7tNKqAohRho6Bk7vVlCIwmwQvbyStaccYdXqp+OA9G/n6gOp+mMhgCpRit7TVLRucr9U+vvHmvXk57e9tYJF7OfpwOpZsvY6G3FTLHdQkTZ/D9eyZozLvEqt3x2JENPxorFehwPsdcjFR0t7l/te+m03u5Wzzz2s3Qg2fg15ARjzz+aRgPr/dG3pkj1BWx7OZxxwfRLjNORot9pV1I+eYaL9OVVjA2oMjSbvSZOdLZ66tsenfBv9u/pwP7wL0AgRVhJdGjD6Jhp+Rbcankr63/CtpfDGVfkV+j/jQNNezEUUkh60GPmj9Beyonk3wWFZAVJ/3/s9XCie/VpUluLO+PMoYJUfwN14h2hsB5qEEgO9zBN7xkyhCDFuBN+sNg2czjjDiyFJFrdGHJ1MQ97zGFyN1LqNawYj/iqFydtMx4N6kwKsp3WJ5fkycYPMaQPGsGeFpwLqYblVfRuWo7OYcEFogbsv988pOpHHM6YQVzY/EGk6K/By9z3sEPOdhCzQPMrXtX4KmwH2TORGn7zROh52cKlf4O9FkPBK+u/xsHmEfeHs/ONherPkeone+XQD3Eg2k6zq8Z7X9DzCzYdxAq5DlIYse3mcMYtPjV6nhhoeAV+lUGwoGeFFFJ/5txaIXE7b0VttV3yfmRfzlxbroUL+6OjMKdFqF+WVyV3JLZFkOov8FUtroHhP72XUARWIf9I3IbDOWHIn7PoooL5y2l4iKCSn7OfxxH9kZ/SIeQ4Fq9cCdfkuTdPETXz97YT70iKlr3IgIJN+ydV1n2GbRcwWTYXYH/DK6IW6fDloLo3hzMmuXBhs0dUo9dg6Q9e9jMWQQ79yn5Zx6d45UK4kGZ+SQw0/YsW5BhR0SL2ymggekhQjSvZdiUyRaqfDD0w9u8czkkL0sLfEoNNe0b2pc2N0VVFJbNVRRbh8j8gpEYewP7ofntRI/n4w2l0Aj7Y1IVVvYJtG4fDGQBB068QA407xl2vK1Yc1SuFqtnvlA7vdZGzBJn8Cvuj/6De56M0VLZXesMr2fZxOJwBQKq5QAw0HBX94y9kyFfVbAmK8XzeZ36UUY4qpIa/ICjkHuyPbqQZFmgvaxQddjXT8gWb9yJV52lqOJxMmXQllDMz9o7XQrIwv4XUFCmcLYjfs07Jr9S/LvobQkgx7rLLujXaflBpHDxH0qC3BwKMNfN77FfgcDgssjwB+6P0ZWZfpvFi9gtP/iJI+n/1M9lYhAMN7yDFeAcp5AAER9vDsrEhVqzRuS5wW+E9Lw4nDQsXerBGVvRzVB2vBvNc4LPGGk22N46SKtKJet7z4nBSglUSKbj69jHbA8naYNiXaOzn48Roz6uqGZxMfzNFqs+qxiOHc8KDNVIlBhoOO8XCJRuJL9s7fMYt1+ZbsMJCMlk79dKbJrH3jcM56UGqruI+8Up+gWwDB0n6+W6kkH+JEAoTgOwTA4kdNzDI8kALXNCMHQNfMzsdc/R+3tvicNKAVbMCBxsPpgy2hhi5QOMuLBkXQVAvDT5WzS7wfRrPQ7JhN5h3q1psCQrpQAr5PVLJ5oEcXMGRFrJ28NqJHE4G0DQ3/oZ9VIz6vUzErp4s6fcmbg+rdqIWeYPm/RovE98jZoQuCNCMDv6Ifo5UPx2uGVbIJ5AW3pLKb4z3tDicQSBW3vJVrDU8QLNFxHpSsOIo+s2XztMW+djtXS7XKYKi/9IulcXnvqhB3UM75vM9KNzKXjBUqX9KDDR2UBeOvv1i1Xo045HC+TVnsPtwOJyBOQX7IxF4kWI9gL+K/rp8dqNEvJV1n0GKeb8YbBhT+dhH3DTTQv7oPjEQeRJdeVMRe53i4MrQx0V/pMf2PwvTHq3ob7iP97Q4nCGCVPNWHGh4M39uSGQ/cwIyFmDVPDhu/KWGwagHv0x09to4Icyt/7QYaOoWA02WUBFa5rqI97Q4nCEDecwhFIj9uyNyzWmCHFp5sg8X6fygQm7JtEwYlmrLUaX+BfbvHA5nBMivrP069VI/iXtb1GiBi/BRQbqJ58vicMYy0DPzVuov+6pO7t5W3KDXiVTyAJ+v4nDGMKgCHFgzLUJrO7LSVUioUjMeemi0yk4WbYUUNfOXWV6p7pvsteJwOGOAvCsWnY1U82801TH7AieZXQgCKaRZkEmVoJD3sWbuoe4WGe0/sgY9J7u95kGk6F2Cou/JNKaTOvL6I/+ZzKtLczhjD1RpKCA69EUdqMdF4xwXb/WqBi0E4ZUjZ3kV88OQUgerxloQMFrjcRTTRseDm8FxFMnkb76q5ruQYnxxctA4J69S/wJWjd5MnW3BxQErpIa9ZhwOZ5SZeKV+LpL1BUgL99ipY1JXzwaBQzK5jz0GpabmVBxokJFiXC8o+q6Mh2W5NMU8hvyRHZCRoaB6qSxeVpPkuyYooZvtFEDJXu+JZpd7ix7GqvFD9hgcDmeMMPHSmyYhxfgDTf0MLhFsrwn+DXnspdpydl8Wr0J+Qx1fHQQhyaDILfSS0ljSPg4G825INdoK56/AbHsSESvqSnGgcbMdYM62xc4HBuXgkKI/6a0M0aK7HA5njCNUhL6C/ZGnxUDjMTvsxYThUmyuyLi1XK45jd2HRZDJ93zzlicLg4MhxTiAVbInrSnGMXY/1qhwKeR9ti1OYJnovnlLevv2h8l4mi0DxM98Q/RHghcuXOhh9+NwOGMYyGqAgk2X4qrmVjrBXb0E5q62eGXyOXbbZGpOFSS9NjnQO9lgQUBQwwsFjaB0hhTyrhhMl7LHTjuDtMjWyZW1n2JbxIKvMrxYNXfbk/dLaeYMHGh6wiuT+ZPkmyey23M4nHGGoJKAGGx+CSlkFfuZE0gyi5FKtmUyAR7LHT9gHUKkGm+lTNeTeLz50CvUb2f3dwKpxq9xoOGAVwv/1isRmf2cw+GMc/Ku+NHZ0PNh/+6EEAhfQOeP2DmyJCN0LglrZhV7DBZB1d/LSLjsvPuL2f1TMWVeI3d14HA4IFwNJXa++PTCRVcv/ZG2fCX0MfYYLPly6HuZlCGj/mSq0cjuz+FwOGkR5oau9S24FbKtxgpewGpksuDQOTA5lFHlZ6GSfCitcMXOQ0N1tPBbEytCJewxOBwOJyXeitpqHGj8nqDo72B/tBerpBd6V9TJFcKE4vmr7CwMd7H7O0EztcaFC1wWoBhs7Fj0eHQ+jfSKgYZeHIj+3RvLVsrhcDhZgaoahIIFy2cU+MkMyG8vBpufw6rxHFbIC0g1eqcsvBfcFzKa8M9X9P8uuOp2WjUHREuQ9X/SY4EFGp7zKqHr4TwFC+6cAQ617P4cDoczZLwKqSxYcPtPBEm/gv3MiTwt7BP90Z+ACTL5X9fFtWey23A4HA6Hw+FwOBwOh8PhcDgcDofD4XA4HA6Hw+FwOBwOh8MZY+RV1K/Ol8Pr8ipDv4n/DUuGF2vhldgfWYf9jeuQopP+e7lceZW66dUa1+VV6MvZApsFc2+ekhdsmOWV6pcJkt4C1YMhJ7hY3TwVjg3bCBr5nli9ZB1WSRoz14n+hnU4aNDMnPmV5BY45+TK0J20DbQYhPGYqIUd9j1uYrBpXbyCMVaN5eL85etQikwDSDFC8DlWDYi1OyWbcwiqYbDHO1ep/W+kkrUD7q9F1iGFPIiqbqcOmHlXLPIJqvH9/EryhFAZ+pNXqmvMl+p+4a2or5x06R/Oh2tJ2yaZxZMl/XF6XSRyFXt+oSJUkieRR/Nlc12+bK7PrzQ+Kl7W/EGshW8Sg4vta6NFopCeOXG//IrQQnp/K/W1E6Xa4sTPfHNuzBMCTRcIkn4rhvvjb1jnlcxvO1XVFuW6z4lVi9eJ1cvWISl0Kfs5C6Rkhu8mVOomDjbSYwtS6DvwNyhsy24fBz73ynULBKlutVcK3ZlfGfr5pDn6f4kymepa2NyXODCvIlQN3yu/Ul+XV1FX2v8oNpBvP18mt9Fnr999MtcJYH5zzkBe/F7lpg97JX0NvFtehVwHZeLYbQA7VZD5GNbC68RgwzqBFqxNQJYn5FWGbrPvRX3Se5gIPH9wP/u3ObzOKxEDzV9RxG6fL+nft48begyiIRI/Q3NrBLim+RX6L7xS/VqvEvojXF8k1RbD3wvn25W9Id8/UshdVCvgGdfMR3AgUph4rHzZuNB+/iLr8ufUXRb/e54UWkzvRYXeP3j+woUeOMdkJfSVPEn/s1cKPeKtDP3OK9/ykb5zQzxYwdV3WFg21sb3Q6oRLbj6j7Q4AsSd0RzdCrku8dhIIf8quPZuCO3oTBQuLIWqsRbZG49Zg6IENAMljWlrtgSJPEz318jtU/7fvbTwAbV5y2Ixb4vp/9O/LbiVtg3CQmLtejF2zl0gKqK/Lh9SotCQEXocOJcdN0cT5MWOXfCNP0H7X4u1e9OUb9wDx3g34ev0gRTjJfq5auzO9hxIJW+wx8tT6oLivKUJ+6+wrwfdf7F9PNj/qj9aWA1b5fLK0wSFZirdBjF89HO4HrF97Li+MP07UkLXI1UvgswJBdf+CfJVhRLP7ZVvwVglr9khNbdC+34KLxCm3u12O+LfQVD0cPxhBLBqRuCYYvUSyyvrHzn+92gZDjS+BbGKtIBG7DvZcYrmVm9FqBpetuPbE3nKNX+0pkD75NC34n93QtDIh3Ag+m/sjx6izwG0EY4NQd3+yCFBCz+cP/f3SeKIlFC9GGw6BNvZ1wue2WYLx2IgfZI+K76toBg3wfeC7eKFQVgmXtowySvpHfF7Fb9Hfd8V4imDja8KAeeAb1y56OM4EN1oP9NLLDHYbIlznTNlYMW8n75r9LlfamdqlQ2lb4OLatxIIVvguYd72W9nBqQa//BdfXu/54q2lz47TYcEWTdBFOLbY9X4ExyXnrPK7Ptx8gX0j+BAw0bsjx6zi5PEriktuhKm1xZJoS/BtlApyX4el9HvAN8FyeSO+LEA+MHy0Wfwdit/bv3/9f1dNTbS75XwLkKBFuRveBBr5iGIU6XP/rzltgbBeeYttc9tR/MvsbBiPHT8gGSJnf8oFvRKk8Lp/4x/bm9jvAgXBSnGO3HhQopxuRhsPkbzmitkF1aNDqyQdqySTqyQbjHQ2IMkQpPBYU3/gzhvSTv9XCHtSCU77fJSJojGNns/ox0HGtpBsek+irGenlM12iAbZ+GV+rlYNd7B/oh9HHoe4xg8rEghB+PHxlXN7fFCECAusWP8I/H7xBnSOVTjAfZ450q1lyKFbO7b3/6uh+xsCORo3zXyR+Gz12EfpJD7QGhodgTF6MKK0UG3s8/dhVWj21e9tAep5BocqC2E3O20ao1Kbkw8N5JCP7ZfHnjQ9B/1/V2LKPGiErSIRqARRO+or/rGvL5tVKOOHlMLW4IUppWfC4LGFKQZm+jDo+hQbMJuO/1OxiH74ab3vjLegxMVfQ59keYtgzjEb8SPn4RccxpSyUMFMWFAirGj79oq5DC8/CBkUPwj/rxBUVesGot885bQlwapZCtWjHb7epFOrJrdSCU9UxICsyHJIHwv+rJqumNGVehNeSX9bfu6kCP2PehrSzsVQ3q9zXeEioYk8UKq/uuCq26zc+rHM1so9Q+yvVoAK8aj8TTacC9oPn9FX9O3wUU1bqyS9+CZhPjNfjszINV4xi4lR47Sa3C8zd0iFRd4X8nxkZVqLKfHVcjheC8JS0a56I92QZuQauyPvbv2NVWMLqSaPfAexzPmQsgWUo19NBg+FiQPmpAYDC8q+tfiQfOCVP//4n+Pv4tYJa/E/4YV/ZcF19xp/0CDhtjnjd1Po9tXtdg+t7NwGU00D7lKX8y/UPEKNLznVeo/nLBNknCJavg7BZD2JNhMH15IE9zfmj8Y7zJDfnNxYXPfZ4JU9334hYQGe6WQlLhP/IYnikrh/BXQOzgFHl7Yhh6DpgLWt9q9EWON03mRQt7MVLiyPsf1DsMBeeWExP1p6mTVeMre39xcOF8/N75/vLoyVsjd9gNl7IWhRP9rGLOFzR+Eh9qnGR91Ei4kEQ16KfRlV8g/vBfVnBX/DKthmd5zO/PCX7EW3oX9kaOJBSSchAvPJZ+gL9cC2kO7NbE9gkQuFqsaN9MHXiE9k4N/PAf2yVS4RH9dqegPWz7oKSnktfwKMiN+bKzqXxeDzZ20EpFK3o9fZ0ELXwEJC+26kWQd3Jv+18m+5okjgmyEC4RYUPQ34SXs910V8gMcaDxIr4NM+qXvmRhomASVsu3roIPgHaHvg6y3J24XB947+iNiv6TP2/el4R/5fjKDbpClcMXeyU0lcvPEeHt9avQ8rJDdsbqZb+TPbaK9VifhgtEN7WXadQh+2/96Hr+u8XcyUbiQQnrB6L4JvUYQLrhHcB3y5dDC4+1NFi6kkN/TmgZaZG9+pfn5lOdOKVz2BdiO1PBlWCF7oQuIZfKrhG2ShAurxjf7usdq6PPxbTMBKgvHhStf1b/Ofg44iEo/4MWHbjXdRnbOTjAI4epHJucYCHjJ7HOYG2scf4WPC5dvTrivF+SEqIQ+1idcmv4H+jfZ9IvBxkP0GP7o5oKEHxwgLlz011kyqqE3DdsKsvFIfJtE4UJK7fl0P5mspL1vf6Q7rzL08cRj0n0U/UHf/FtpbwnmPuBvmQqXUKHfQEVx/rKjWCE/YD+HXoh9zci2My//A83Y6pX0H8WmGA5iZdH/sPs4MQjheh3Nre03/wNDYehF0+G3Yj6Z+BFcK5rvHn6YJFKPFfI/tOdVtWSfqBp9L20cKlz2y/tvQTHnYH/DAeitYY3MpxsMRrhU430rQazpPJRMttAhtxo+ll9pzzM5CRcMn+kUxYIV8L5/L/H4TsSFi/bCZfKAoOiPwtQEkgyS0Ov+Gv1BAuGqPP4MOAmXVyGLodctKKHNrkv+QOfDHUknXFg1jp51WV0+UvU66L4hhdwbn5R0Ei5RJbEeF3QXzb4uaSZ4pfpvx4UrTwldzn4ODCQqsYlCW1QU0sJ+DgxVuDI5x0D0nUMxNjn10vqESzX20F+YNBwXLjhe6Mcu6NHJxjG4DyBaTgITFy5fFe0daYKk/4Jur5DX42mc+wmXFppt/818wxYm8i/2mACSjcdi32vb2THBzVS4kELeoi+7ar7hdE2EytCv4NkQq5p6vZL+W3nlShCPrXA+QTUfTpyAT8cghOsNtuI1jBYExWizeyX6q2clvGCCFLpWDDRZuKr5EFxb73WRs2whuA1e0EjicYC4cIEgw3fAqnEXzOsiRW+kz58sT8hWuLBibOj3wYXNHqyQHSAosMAQr+bkJFy0xwU/BlD8Vw2vTLcgAvQJF713REcyaaKip5Bdky/p+/GiPS4cbLLyK+vTCpeg1P8ShAtp4WOCHEotnGmFSzGO0RdVNX/kq156jHb1KuwurJNwwVACaZEtdJxu1+p7ACtkxZR59QUDVVjhwpX4ObnbnusghwXJbBAkcosgkVqwfDUcxVL9RfFt48IlVjXBL16rIJG7YxPTG5FCaE+JpU+47IR//yME6i+AB5X2piSjGrZxFi7jb7Fr8xZ7TMArkYdjQ4wD+VfaPe6MhSv+ECv6q+xnwKS5tefDfBPN26Uat9IitdAjpdfRvDe+HcxJTpYaC0Bs4hZfyQZyIVww/PdK5Ck6WR1stCbNrbs2/pEg66/b3yO0wbVwoQdWiZFCbqfDn0DDO+w96RMuhWyn/1aJ4Zu3jJZXy7t66dmxv2UsXHAPkUr2IdX4M6yMU1OMh7AWPoL9DRvik+qAk3D5qsN5WIv8ye7JNkO7nhQDkZX5leSyqYGGSf1O2E+4qF4sFSpv+RD2Rw9gLXxsUkXd12AbUTW+2idcCdfKSbiQSr5NF5OocEJpuuifkVTfDKuesIoe325A4YJVK3sS1PyPvcIUol1YrJIXYi9fn3AB+XPqFor+6D+hu0tXS+ACaOYeOtGuNcxPfIgS4cKV+Dm5O14CLL7SSleGqpfQ1UOs6r+IbxsXLqwZdM6KbhtssibPrbu4/1GPkyhcSDMU1xWLzhYU4yW4X4IUosvxWDNuyVq4FPJQrBdyNG+unY8rU+GC3l7sIXZcOcu7YtEsugBgz+UtsYWL7Ipdx74K3EgxG3zVS/fBy4tVYycONu7EqtE32Z0T4bIzt95A537nLbe8c0O0InZehVmKtchm+0dHfzS+LbyMdIV03jIrn5lCOS5cxnZUVXvmxPn6uVgzd4qQYVYhdPiblXBV2QV/YYRUcO1dtsHQM9Bo5c+55ebE7Z2EK8YpSDXugutE32HoQcHCGax0Vy35ceIqbaJwQW1O+Jug6N2xf98P/z4+x9Vk5Uv118T3dRIueOewYtyCAw1vg4DZ3g1LoRME87DvCXPrP003HEi4wA8o9reX4Qt45Xq68kUnEh2EC4BleHH+0iBWiCEGGnfTlRV4eBfcankr9SUwbk/cnu7DhSvh8z7h6oVeRWIBVd+8ZXtEWe9bUj4uXLS462GoI0hfKM283eU67paQSP8elz7P/huJ0DkbWd/tgmGYSn43eOEih/Pn1lKfrVwJV37FohkJwrUslXCJqtEkzlt6kC4sxZbTkWq8FP88Z8JVGVpBV2RBjCrtIQ3SjD/Q1WC4HxX1/1N40Yoz6MLM3NDHsD/6Llxv8MlLfP4ThYv2KCzrFBjqwdASyYS6KGHFyFi47O9LtmKZzBcVIwiGJP1Zeq8DDUeQYvwsfv40wkV9qQSpPoAU8mOkkN1YNY/E3SygNx8Xr349LtV2g8BS/Q0FV98Ow/6XXfNrzkCK8cU+4arUr46fwkm44oD/nTh/RRDJofvEQMMeOty2z71FBC+DgYQrvqzprdC/Rpe7/ZH3vNKN05FCnk4lXImgqtsFOkEZbGqjc1+qsd/JUXHkhYv8nf0MwHJs4lwh7YM9x0BkJFz25/tgaAGTw31W1SAkznv1zXHZK1M3C5X6IrjB9Cb7w3c7fYd+wqXaQ0OskE/AAwjXf6KqF8GKkoNw/SN27d5kjwkIEnmUDokUsst7uf3cZC5c+jswf4aVkOMPSt7cRVdg1TgGbRKUmHCBkNPrdHyoCMMruEbwjIGfkC10x1/4nAgXuG7I5F3bTcjomizVfxL2Qar5Z9sdwQD3kzeQpL+KJP01oVJ/ASlkpz300nsSD5UoXPGhmKCEgvYEfeRv1EFVMegzm5Fw2e9tvzmus+fcmAciSH3FqpdC54HWu0wrXAnAc1egRT8E7w72N9j3UjWuhM8Y4aJ1BoRK8mUx2NTrq17SS10hlNDH7KFio+WV6vucpNMJVx+wEFJ1uyAoxrVioKHLXnU29mYsXOAcKPojR+jku6L/DHyWYitIaYUrDlLJbXR71TiQ9CCMpHDRhxk+119N8quRoacBrgr0Qdoy2HMMRKbCBTcIltfZzxPpt6qo6jfYf9P/CAICf0NK3b3wvRL3cRIul+U6BdoTExgTK2aNg3DFe1zvOE3aYoXEVxW3eOWV1P0iU+ESZP2RWNGN7bBP0udK6G4qzlp4zySZfI56/8MSvy1cD7LbA1gl/2Ff+JwIl/0DuMkWWuNx+Hc+uKWA20PMl4n+eMDwMG4wZ0N9uhr3+jSjr9eRKFxTpPrJ8DdBIxeLwaajMEkNjt/gksR+DycSVhU3giNz4mdemGcCh3D6w2LGetmZCVecvLmhIAw5qT+WHKKuN145glnhgusnyOQpGK4Kcuh/BSn8X/aqYoMF3vfx42UkXAmIsvFnuhruj1gZCxesRGDVMOzVRf1WOsdlT8RmJFxYIyviwgUqzX4+YsKlkHvpr2Kg8TD8siV+Bl1jsXrJQXgAvVClhnnhgUzOMRAZC5dq7HExDyAL1kIf7xMuRb/J/qt1CvZHl9kuD83gF2eLU3wfJ+FyuU4RFP2Xvqtug++1SpDJjeANbbtD2BPKUMae3qN5y44g1fhJ4jHhYRUD0RfovJlCDk28cgVdfRal+rnxIYYg6/7EfRLxqXWf8UGEgu3h39Tvw0uMc7AW/qc9d0R20x+cmppTYRUr9h33e9XjDrZxciFcSNFfc8X86+KIfrNU9Ed74NiCarwIf8uXdXBBgWfzGFKMl5FqtDL2rL26SF/UZfFjOQkXnedRzXuoW4FCGpBC3qbfPUPhYntc9DPoQUOUzIJbLZ9sC2e2wpVfGVLApYI+U3L9r+FvTsIFICW02P5e+jte1ayA7w6iNxThgnfXnu8KZy5cgOA3fuGrXtpre8nSX49+woUV/b/F6qVwoZMMvM9tB0LjUH7QdoBLZMSESwvNjkcDQK+rXztl8hINNaGLELZnMEsm5xiIDITL9u1RyGGkGrey1xJMrF7egFT9Cz61bqajA+rFtWcKtFdAfbn+A6s9fcd3Fi6XVwl9li6DK0a3oJD36MOW4IDqlSLT6QIAiJNK3oDQMK9cp2OlNoKgVwAvBrxgMjHjgitKZC6chwqFQp5kvwfSwg1YJSZWaj+BVBJ3YG2DZzCvMqR7pZAhKMYz9hCFDocjrhp7jgYKctDFnyA99lHsD6/wSkSePOfmsry5tZ/AKrgsDH6oSFdqFbIdqcZt/Z5lhbxHBTMQBQdUWq3bK5HX7B6usREm2dljumosmJO7m4avBBr+FY+/dRIuAM7jm7cEyrLZ7xr0WDIQLnv4SvZghTT3tVk1boXJ9QK4Fv6Gt6FqEmzvJFwQxiQGog1IM5OeOayQ52lYFR1uGtRZ2WmoCEyWbv4k1sIHsWYehvuO/WEaguWNzana7U0WLtrbhGebfU7s82+IXQfLBRfF/iXr53y42PY7MWFM2idcdMVDDW+Oxw3ZY3ZjY1/Ij2r85Lxv3m/ROLi+2C57yEKXsects7wq0Z16Ml4pdD0sl4Ko5KWoEEPn1WDSUjU60wjXdrpNYthEArGe4/fhwYuXxYL2wS8R+M/Qa6GZNU7HBzI5x0D0fQ/FaHcSLiST39EhOTwk8bjNeOzZghW0ref97/3w4v1silRfYP+S3wpOi/1WjcCPSAw2HYH7AZWl0VzbkRSppkqPmzBsAGAiWVDIkwULbosVfYVVSnAaND5KN1jY7EGa8S34W1/sJcQrzltm33N4oFXjuUlX1p0XPyYUcAWBhs/tuLfEZwO+z22WOH+ZBcG7XtWohmPA/I79vCylBt7xtl9a425BqqciCoAnNVJNHY4Dwyq7N2OAqO60FzPMWLia8UJ8H6QZv6VFbaEUmhJboWIA4cqX9HfpD5w/mnAP4s/KbSCWvULMoRS+L4TCxAQoZT1JrJjXxeNGRY3QVV8a8kOfBXNXonBNkRoLkGbugzbYi1vg1G283O+ADEg1nqPbxX7I+toLK/y0zc3tQsXxFWkQNPqeQwhbTLiQZn5pyjfutu9B4nMXi1ekz1mgYWc8ftUWLvMgPY5G7j7eGusU6ptH43oXw3wr/a8gJ/pxGW/ZOmP0hRMiJfR7eLbt97K/htirow37sWZcAt3pXl/1Ylh67ZsnQKrZ6Ju/HAp+HmULcIJXs10M1KBFOpFMVvd9phmXIK3h316Z7IUuMxybroz5I71INW+FOY7JwRrqlMbilUPfwoForxiI9qbscVGP8+W98MvsJCxUVFS9h24zQF0/eKmxv8EUFH0/fB9B0rd7tehvYTWG3TaRbM6RiuPfw9joJFyAVw79EKtmO1y7+HVECjkmyPo+JOtbkT/a7lX1iqkQEuQP9/rmL+vFmkE95xOBVUOsRQ7TBzrQ8K5XNabBYgncc5g8Texxxbb/b1i5wVqkVww09goKeRoCzftt4yeVONBgwkKLqIV7sb+hF2vmelpe7JLk+wu+Q7iqaVm8iGw/08xepOq9eX6TZmpAkq4KgYYaQSJbRNqGhl6vrP9VnLf0O/gKO9ieRZCNhUiJ/B4pZB8N5odeIQ1nMkCgerFG/hLfFn6U4FrBc5a+xxV6C7Zh20sL0/ob7hbVEJ2cBgRFvwniJeG7TKq05wOdgABiCFAXq5f2Ilhdp8+hcV/sWdiWKFyAIOuL4B7Y71pjL5L1Pyd+zoI08jQ46Pa/vuFeWCAQqxd/l20bVs1lsff80HHP+VumCWr4WUHStyFZP0LfXziOPwrP35u4aukPRSX02fgxQLiwCv50y+H5o1lb4uRLuoq0MMTl9mK4bmr4HXAZiX+OVVhJpufvW5BBUp2KtGiboNA4yb5nn16DqsVRnxL6Ct3QLra5fEbivFNiwU8nj2SIoyrwN1LrF5JSU3OqcPkf0ETJLLa3idmC5XbcVRrgYYkf07GrHQvyhWPBSovjvBqcPxAqgW2cJlSdAHcP2P7citoBx/iUQZyDZcDvEQOOH78PYOD8C+2FpeLJl/6+ACbIoQdJr9uC5TNYgYkDPz70fsxb8iEQXhB9elz4DrHQnETEy26eWuC3P+/n9MdAr0Ps3F75eCxkKhK/S6JB29jJ5EkJbRjIeTkOvZf0GUo8fuMMiNWLbwPPq92OxhlOP34UOn+mFyUfyy5M63K5+i3qwDwP/B0+v6hmfZKrTyJ0hW7BnTPQXHveMD8YEun1U41piVk14hxvQ+MMWB1kP0/Ep9adl9zmxhkQ/cJuC0CUBL0W4FSe+J5fUnPOpMvIVHhujn/v5TOSQp+Ai2rcdDv6DEQw8+kp3jm3TIs/I/GojDgglvS5hdRDcS5s9sCzbd/L/t8jcV8Oh8PhcDgcDofD4XA4HA6Hw+FwOBwOh8PhcDickw3wL5lSFZkOvhpg8P+T5948hd0uFeCnwjqxDhfgozPlmnum511hJ2DjuFy4orYw8f7Z93DJ9IGCt4eEvHJCPFMuZ2SAmgpQVo39+0mFHbO29HqkkMWQW8n2RAaPZDvXE+TnQZJOkGJcDyZq0eupxzmbbcH2UL9PDDQeg9JZ8e2H0V71LbjtWF/0u2ZcIlYt+RmU5cKa+T2H7fsMq8YPxUD0Z5A3H6r79LW/qvZMiBYQ/ZGfwn9pSTCH/eHvgkq+A2FPcE5fitJXgJ0CxfiJqIW/m3w88mNor6iFf4YV8wfxOouZAg8wPY4Wvh48rwWF7KV5o+L37/g9/DuS9f+D+xxPWJcrCuYaU5BUn+TFP1x4K2p/lD93kWP5r8EC8ZnxZ0dUdIf7lNpEeu1DC8+Ravp5wg8X4HGP/ZFHUcD4IvtZtkD2WHgPkN/8KbwT7Hc7bqHrRcX4Lr0+geaf9RX3yBJRNT9vX2fjJ/T9SXmdQ9fT90ElP6U5xRKZeulNk7BC7sFaeCfEJNGofrtKzGEIs6EGpbYUg9acm3LtXXacGuSyhqh9By97EC4IvIXYQKitB3FQqawvHorG0cXNrs3Ibtvf7Dp5NGZv3nILySaNQIeEY755ixWBJjSERGR2FkrWYlH47UhrVJAGRUuPe7NDrUGs6hU+f/gqpBhHplxzp0MbIZZtOf1+WCHLfPOWKVB/sN+FSICKoWZISDHej2eJtdvxRwv5Gw4ICqmFEmJYNStSencnsrDZ46ta/hnIJ45U8yX7mq2g1wUSC8I967t/9B5ClaIVVsE1d9kxgKpxhBZfVc0IlDtjD58tEG/mW3BbF5LMT7Kf5Rrv3Lrrpyy8BzJj9JW9ygW0XmVwsQIprONZQJPvux27l/gs2nG6dtpjKEIiBhvXeWW9DlUtLnZdcr1jeNdQAQ90eP6watcsHQoQfQHPHhSxFWR9J80mwT7rsefdzgRi/BYFFyuDjSKBzCPwvoiK8ccp18Y1gDkXxK/aWWn2Qwhbv7qT4I6P/Y1PUwHwR/uyP+Cq5ru9auirVJQSjMbS+aNP2GkuaEaBDU7CBTmv+44pk5UQ9Z/SoJYeRJFDPcG4+cMQVL0TQbQ7u/3x/Wj0O0Tz04wHDvGGQkVooV3lJOHYYJA5tKoJ0m04ZoNIBCvRT4jBpn/T79LvOCZ8v17kD/+O3ScdWNIfhoIVNEOHne73kXhZr0zxVtZWYH/0QTHQdCyWz8p+aSBwNtiwGEnkGvbeQVAwhjg4f+QJmrkBemQQDAsBvSo5KM5b+vPE9LzZghRjFaSYFpRQX/qW4YBmyfQ3vE4rUDExl7nELkfWcAjeif7PZhSuM9SU7HsWBYXst5MQxPJy0RhRKGjbcFhQw4+dw8Qj5gKsmP+PZrJQjX3nJmQBGSqTpdpypJJ2mqGCeW/sXGXGUnafoYA0s9Y+F9QcPX4uyMIBMZ7ewPHCxMd3UvRnaP4lGphKC2G25w8whCi8qOYMWt4q0ACZOtschUshD9oJxcyfs5+xQPpeKpaJjbbb4phxMxHocmIt/ADtPdGiof2BDJ+2cPW/KJCZUVDJPZnE2gFYCa3wVdvXqc/oA60fFf3NjjFhTkyu1D+F/NGtfSlp/NH7aa3ELBA143o7H739otCXhaYOCj8LiePY7VmgN4m0hv+DqjzxdCE03THNwGFuxFItTb2SLTTJJE1at9SCEu7s57kChhDxitzDKVyucsh4qm9lf7CgDB9WjuezB/KgYEwg2kB/iGjRX/uHrS8LixZelyoWdzDYUxnmuzTzhp3vv18186ECKdvtH7SE702vg9mdN4QfNyd88IMau1b93lHIHqKQBnZ7l6iGvir6o0ehICftPQQajglSPc2mmQmx+asDLocAU6SQB7Fq9quwnAoQKGfhyixZIQTj0h6gZiZl2hQha6aTcMHQUg3TpGiZADmHYnmsjhu90OSoEEiuapwCyCt+J2RssKuZmA+5YgVrMwXJ9T+hpd0TXia7mrNxq1NO/3TgytDHxWDDhuO/rCSWiiS6IX9OHa0ing1INe6nPQ2YSws0vNkviDZH0FQyCtlB087Ei34ME9ALhlJoycJFRxrr2e0BpIWj7AtvP2/L4LqudQhIHhRQiEOsWnKsr+q8P/pSqmD7wQDputnvQZ8TRX+P3XaoQBVtR+GiVdeN5f23hpzOaqiVXtD4Syjrh6FMUf8NUwPpQaC3NN0h0wDUWXOMKndgqMJFM38qxIBfYvaT1MJFfxn75bFKx1CFC+askGI0ws2gvSMt/JeBaieyCDSf2OK+1C1UaOxalh04XRHNNCA5pMBwA0q191172j6zE8/RU87XOQHVXexeEKF5sgSp/pfsNkMBevpIMRbbuarsF1ZQ9Nud0knngkly88RshQuypAhKci+NPnOQN0wzJHafrPl0/QeQTO6L5RyLPc9LocTc0I8dI5VwIYW87zTCGgpZCVe+XHch8of3272t2EuokMNT5jVmNdkGqXOdlsCRTO7IdMVh6MJFi11UIVXvl1YYGCvC5ZXq58HEOG0LZHutqEvKr54OWOGiD1KfaMH5I/Dy7k2XGnlA4AcMXgLIm554/Wma64a3IV0xu4sTk6U/lGMtbGdPpcOKMLR1d75kV/3JBYJURzOfxodiIOCQG4xNm5IrBiNcNJEeZFuNdwgS9ws0wnTGX6DuIrtXNtDcarR+6fFnOiYqA06tZMqYFS5BJV/ud3HtnQ5nKjZ92FlNk8QFVdZ+Kl1Op0RyIVyQCC0vmDz2HgvCBT5VkO2RJvWDggOS/n12m3R88GshEavmrqQHCf6tkLRpfTMBVmFxoOkgVvs/ODQPvKT3SxKXCqTUX8W+rPbcC/mLU+bbrLEr7DzrS7gGtOepGHvHlnDRedefsteC7gcpylXSgy7+wZDmuiA3P/ss0EU1u4p2XzWdoTBmhYvWPEvoasYbhgMNzzuVERtOciFcqRht4QJBFQPRV+gKK6S81sy+2oiZgmQ9KtpZSxPOTeckrcTq1oMGSsBrxoqkl43+qkeOQIk6dhcWmCRPuj6qCRPoh4WE8uuDBVXWXUZXQRN7GbT3SfZAAkx2+1wwWOHCqvGLpGsZf78UowNST7P7ZAr0gFEg2uO44gd5+7Xws7mY6xqzwiVI5GJaBkkl/RtHixYYr2bjJT9UTmThAodMWPG056JCP2Y/HwjIfoq1yHa6BM+cmxY/nXNzVvNQqQCnVV/10mP9zkFfUlqSKuVLGsdZuGL3USZvQ458dp9MmSjrH0H+6A4f87LawqXvGa5ogOEQLii4MmjhkuUJgkoMmHKIF65JOoddWi2raQgnxq5wVZIPiYGm7uMTvf13gOVQpJLL+u00TJyowoUVUom1COTltpCq/y3rBxZSCWvkx2zPmLbfLgdWm+1KYirsl9R4n/0lp//WIh1iRV3auS6fqqtJ16fvWoNzcPq86amAFNVeRW+0haD/j6x9/c3DeXOO54HPJYMVrpRDxWAziPhtgx06Y1Uvg0IaPvDdkvVXsEKgNkH/cwQaoQLRU07TN9kwZoULQHL9g7EyTkkGF4D6GSkkkvULlyUnonB51Vu+ioNN++lKkj/akV9ZZ1fMyQLIx45U4jwssCs1Z+y6kglI0d93ctalVWyktH5CpwhK6Gb6QjP7UqPhRs09qFL/ArvjQEwNhEro3JvDDyxtGy2xRx5l98sFgxUurJCaJOGi/lxLLfA7ZLfPFCTR6k2WWLX0WH6l/n9INf7c54cXbxttK9kJufvZ/bNhTAuXIJOf2y9wcpczfrFjv7htgkoC7P654kQULqTq90NZJdEffQ8WKtjPM+Gii9a7oSKQo3DZToe/ZfcZNFAMRCavOwoX1DDUyO/ZXeJgaZmXlpqnwxfbIbb/MQidghCk0AvZ3k8kkwds9wfnZ5TO66iDq3M5EIMRrklzyflYDe/qJ7T+sC2wmlmTqrpTJmBJfyFWCm0TBFZP8Zuf7Lvm/a9JL1JC9ez+2TCmhQtAml5LN0jxYMT9ZewHMnw3rUqSY04o4aqpORUrRhi82qFXJEh1g/Ygn37JqtOh5DsrXPQB0sxNk7P0sxqIPIlcZ98H9lothR4XSTX8gMUccES2V/n0o9QnLEm8Yi+8qmfaSzwFVYQux4HGfbFJ+KOxclX920aFy3iM3TkXZCtcF0JInELuSuwFwfCQOggrxpB+ZLBqfl2sat5Ffbdiq9J5VyzyCbK+hZ3uoc9LsPHdrD0EEhjzwgVgNXIj7cam6I5Tg64uuODDcq5q/pQ9xlA4kYRLkMh3aACzBitqNCQnI3cCJ/Kluu/jQMMRVgRibhB9xU5zhaAYn3YSLtp7UIw93rn1H2b3AcAbHNwSYr3AO5EU+r1dF5BtdzOtrp2Jk/PEwE2TkBLaaQ+NmiE861dYNTrYZzQ2/9dXjT2XpBUulayDbYS55GIcbJRElXwHa+HN9qQ5fG8TBBWC559CUv2QXBSgd4W18IM08YFqHAb3GvoB9JJVfZEdMJ8w/6cQOq8oqPovXNbg3p9xIVwAVsgt9CFxGJawjYfeBApE/ww3jT3OYBjvwuVVm2gvVJRvnoq0yL8SbziIF1L0xlS9lXRgRV8au3nMtaGBtX9jtx8qUBTWUbhoLGSzBWmP2H0AWNUDtwTffHiBTBpgTeMg2ZXQmNAIkv7wQIsKgkp+bvdWmiCs52mIj8MK2cUKl71aS/6eaZRGNmQiXPlS6Fox2PBzBD2tmMjS4GBaWduwvJJ+Jw423dhXFXwQeOEZ7otJJHe5EjKHeJX6D/cP24q1EdqskN3wHfofLTPGjXAB+UrTx+CXnJa81tL0vugDuBR8vvYJct3gvbZjjHfhgqK64F+D/ZFX7RjEhF8/Oim73PJW3PJN9pgDgbXw0qRJ3tESrkADCM5/sfsA+XOMC5FqHrDnX8i98DckkW/b7jbMswPXzH6pUgbyF87Xz8X+yAb7epuHobgo/F2Q6x9mXyZ6PaoX93qHIdg6rXA5DBWheKmgGn/CgegWu52EDhPpQkqwaTvWIkuEipuS5kMHQpDJeipcVUv2ibKZ9L4JSugZGnDf77qYsP0xrOqL2O0zYVwJFwBeyCjQ+Fusmnvpg+MwV3H8izSCwByC0uzscbJhvAsXOEAiNfwFHGg8xPYI7O/SZOFA5FXI9cQeNx1I0ZudXCFs4TJfZrcfKqIa+nxK4UrT4xJkch+8oPBCe2W7xDz0PrE/mvTw0/ZDvGWq9l+04gxB1lfTnHC2T2HfaiZSTUeXC5jCEDR9yE6uLNkKVxwxYFwoBho7EntBcAw6UtHCGzNJpRTnrEsMr6CQbupSIxsvsp8DXqn+Kqf7Zk8pGP/xXp59JuJxJ1xxvJBF1B99if46OryMiV8GBxoOQ6wge4xMGf/CZRbDNkiqfzDmptDf6JwD+F3pf3dlmEYH8FbUVyLVOMT2fqlwySTnPS5Rrvuc8wvQAL5Bb6MrnYUXq0Yr7W2p5o5zYr0jIG9u7SfgGiWJOV3waT4gSPoNbIA0TEJj+EGkE8wNWxJjJbFmViXdg9gDjlRyTeJxcsFghQvwSvU/oteSXfGDeWJ/uCVTFyOvrP9ErF56DNqQX6l/nf0cmApDdZlsSHJSpudbDsNVmhk4G8atcMVBCvk9HbcHU819QXe4GURmC6yqsPtnwngXrvjkPKqqFbAWfgayLSRdp1jOLEjEyB47FRYE7CokySkUfkiQP7wtr3LRl9l9hoIg6bWp3CGwpN/Ebh8HVvViw8QtU6R7PtDvs75eIxOhAfNAWtjKV8Mz+29vvGwPr26FoWlt4mepvPPhARe0wf9wpmIownVuoLYQKfpB9mWk7a0G7/b6H7D7sEDdBjHQ8LK9yGNY+RWLUq4SQjpu6lHPnAveI0EmTzulV0/HuBcuAFeGP45U4xlIV+vY+6L+Xo1HBEn/LrtvJpwowgUIlxOEtfB29vvQ7wTDhUDD7kzTj4ADKlZJZ5JwxX5JkabnLr97jXUq/Go7Cpfdi0w5V4JV8mhMuLayk8FexfwwZLBI6nVRAQBP8uMe9ZC1Vaxesj82h/eiV76lX+6qlMIFE/6K/suhZl1gGYpw0fhPhdzsONQHAVD1jQMlFkSafjU8p3ZvPX0u/8mVtZ/C/uTQMBF665p5BALp2X3ScUIIFwBL2IJqGJBGJD7x2O8kNIuqeQe7XyacSMIFiIr+W+rLkzQ/GO+dkq2ZZF6V5ZUQm/aso3DZEQ+D9hFzAivkP8nCZfvxpYuzRIq+OpVwAYJMvud0PaggBBu3Yy30cXgZBMX4F+3d02tUn1QAwikDBTXogSpkf0Ewt/G1QxIu+hwY1zu1F44HyRAHKogSj2SIzVU9AvcbU7eQZBNV8+f2/XN4Vuwc8fexx0/HmBUuUHtBqr+pIGhkdbO9lcZXsRrezYqX40ky5EQTLgCpZEnS9nQfKgTHIFMmu48T+ZKuUpFS+h8n5ngZzaioRgZA0QOsmpvZB9++D3rPxEtvcgxkzqus+zLSzD22uJHtTsIFzxpS9JeTRRESITbChH63IIf+DueO3ZcHnXojeVcu+jJSzd1JvX5buA7DggC7z1AYqnBBdSgn4bLrKZCDXiV11g2vpH+Tzh3TdDWLaUGVgmvvTmv2jxn7YxkbEVUt3gHvAnueVAyHcNGqRHEftASyEy6l/otIC1uCtiTrXEaQSkUMNHUmdksdT5IhJ6JwgVc7Uswd0MPqtw/dz6TXyyvVgjd6WqCSi+iP/pN9iKgA0he29nx2n8GAIeuAQ9wqbb9CbmG3jwMvmF0UhYrHNkijzW4D0PxvtnsDcw7SVzoNBEgMNu9JlzcfQoCShl/2uQ/61Lrz2O2HwrAJF3UJicAcXsqpFXDktWsS0O2WCnP1RQOZt6K+ESkkqWdLe/r2POMdA/nPxRkO4cqrqCsVpLok38/shEsOKXS16ipjkCl/9adtR7zYSewySfew22XCiShcgKiFL8b+yLakHgJ9CKIQtnMQwjbY/ViQqv/IV730SL/vQH2ropYwV7+C3T5bpkj1HwAP/6TvZ3uBb0/XkxFk/RvwgNHhnaT/DFKvsNsAeVcvPRv7w/ckPjP9DVZel1neyromdt9E4nnt2XYihRyAxRF2+6EwZOECUXf4MYgNFXcmrsAmklcBPoENO+x3gGxxSo2eCqgDAYVE2KkcOwwrbAlX3nQBu48TwyFcWDUcE2hmJVyCamyEMI1Uv5ADgRXyl76YLDhhsHGfIIWuZbfLhBNVuABBrvuVD+pPJu6X8B3FQPSFAXsKF613Y4V0si+9Pfehv8puni1ete4zYrApKUTHrptppFxNBGBCnU4gw8pXiuX6OHbZK2MfKwR938Uf/cdAUxd2JSFWuGDoZR7Jz0VSxQSGIlwQpiPIZKVTj5sKl0p2pqruhBRSD+egqb5lIykdeTpEJfQxHGzcGPfeTzQ7aiGUUXqhXAsXkkKXYsV83ul9zkq4oBFiVfMRiCvr90GGJApX7AvtTKwEnQ0nsnBBQkbsjzyb9LJRI3RRwyuF+pW6cgLKwYmBhqP95qDoD0bzfhiSsNtnypRr6idD6Sx2/olO6PojL8JQld0nkXw5tvIFTqUZJLDDKvRCoJZk4nWAuM5lUHz42+z2LI7CFRvSIpU8wG4/FIYiXFARm06lOA3boDSeQt5ymseDhIu28zdkk4i8I1SEUj5bqUDgwDsv+RrRd0o1/x2PREhHLoXrnK/WT4aMFqlKqGUlXPYXgbJGDf92mjAbCKyQp23hgvEzvZF3X+RQpiwTTmThAiCODqnGa+yDQL8nne+IHsFq+t4KAKW4xGDToX7iReeFmuCXNMhuPyAXLvRgxXiI9f+hy+9a+B8DVSmGlVFBJq1w/kyFi76YgeibidfC7jmSf2eSYE9QjUeT7gMVrsWQ1pnGD+aKIQkXpNt2cECl9y7Q0JmvOccuYqU+Amm6ae+oUn+G/TwTvJXGt+h5kkQzFmWQgbN4LoWLBt0Hmy3IrcZ+BmQlXPSFUSBPEg1DeGOSGk0/XEkASfXXiMHmHfZqBV3mfhei+dntMiW1cIXeYrfNltTCtdzCGqlht09FOuGiZdYHwDu3/ipwqmRfgvgDIQYaoehD0sQli6CEglD/MnZT7f3pnImxDUmmym6fCpjXEhTDwP5Ir/2AEyqCPppDrOHFTApQ4AAUATHtfFMgHBkIF5BfWatQt4dYhSmaNaIylFSF3AlB1k37WWHuZxWssuq5TW9ziXE6kskW9p6lEy6oeCUGwgvFYNOB/nObhN5n31W3QvX0OnY/4ANXhH3QI6LvlD98NH9uaFAVkvKuXnQ2FHbGDsNF+l7J+ivTB6jnmVa4MuyggB8eUkw67KXV5hln4zjw94yFCynkSFwsoFuJVPMfTiXsWQTZWCj64UWjQ017ObuidkgBrkjR30gSLnhY/NHuwSbhi+OrrPuok3DRtmvhx5xKqzmBVHKbcyVrcjSTlxx6E0gyfwO9K/vB7P9Qx4YPr0MviN2VxacQDQebn6BiEftlpdfLfrB+D06w7D6JoEr9U9gfXW9XwrYnbenkumocRopx55RLf5+2pxVnKk09ox+kvT7IOSVl/qIJSmhF3GdLkPQXJl+S2QQ0FITFCtnLLnjY/k6Nr3ul7OPyUjFxbuhjWDX3sM6ztJK1aqxN3BbyvPuqmq7yKqE3aVvoPvYKH9wb2sP3RzZ5IfljimSC4LBK822BoCvkyBRpyWR2m0zBSv28pB9a+syCO06jhaVQWidox0rW8KwpZMCCsEghmhhoWIggDVHcL08N/RVqTrLbAmhO/Sfjz2Hi+eCaQUWjfhvnV4Y+L2jmOnt+YintrtNxtT/yBKoM3Y8qQ7PpEAfsypuKBEVfirToY3BwyB5h5+YK34sqFiU5CmYD9kevgyVwttG04XQIE74DXZw8F5ARcs1pWI3c7yRcEEIB31tQjQHzlYtK+GtisLmN/eWFY4qBaC/SwmlXwhKB6y76I+uxv+EA/KJQg7JlNKYvCt341d4K52Dmfky//nRBNk0Qd9pTgiylsbQqWDP/iRRyX54U+lLfPZxbK4AjKA40PkQrQcPkL2QcgIdbMw8g1dwoqFnkboeEiX44f8OxeDhTNsNVmqYmED3km7esF8nGt9jPUyHIoZ+LwcakHGX0eYFyamr4105zR4MBKea97IIINXsVcyvkAQNDMllF7wG4hQQb6bAZ7ql9T0DEoj040Kj70pSuh+yo9rxWrOehmUdhCMVulwngc4dk8hd23jJudOI+2LQfaRHFyT0CKsKLVU27kt5JWqDF2B9zhqXfnTWkkBaqJfOXxUYXpp1QUzGcF+7gOVLDD7MdF9pO2D/YtAlpoS/13+mymg96JVIvBiIraXd/3jKr4Oo7YqtJ5DDkWMKqsQcrxjH425Rv3G1f2ED0LkEjMD80qPkn6uwYbLxOVIwQJEGDL0bj02hp+mSDiUzYHiresMdyAvuNi3zVS69DCnl6yrV/Sjpen8EyPhQXUMP3YBrrdnxxAYJgRU3/hs8f+RG4jdBKPUlthH8vtaZcexf8uj4A58wotOLChR6aTcIfvgurxl1IIQ8hWlJ+mVVwzR30xfAq5m+wTP4XVqfY3RMBNwNB0b/rq2qG47QXzF9O2wr3Mfbg7aElvFSyD3pYBdfcSSsq06ycqvEcPb8W+lImPw6FV+rnYoVch/0mXNuWKXAsKrx26hYkkyO4uukHXikycK8HogIkPQyCCQUx2I9ZkGZeioNN30cq2Q/D2T5xYCxWpeotHGy+DqtmBXucgYCiIHAfvZJ+P7gVwP1lz0GfVXhXrrkzZnf0/QBhP+31PglTC9jfcJe3sq5ucvCPjr1JeJ7hXFglSwqu/iM9Zt/3oskBjffgepc4OPU6QRMOyuR/kUrWwjOQ1O74NYqtWML5BIU8KarmNaK/rpTeW9VYRN9Hx3cSvvdS+n2Pf3fGrr4jds2O7wvvIFJIv8gL5Dc/ab+jegt9JlO0k2qRLWTfh/YlHoMiKPWfRoGmL0K9RXAqFKT6t7wS6fXK+r78ytAKpJlfQvOavkjDM4YIlgwvzRqpkbmCEvoKnDOV0c/pQ9soDeg2EENUwh8rmLdYgipFCHodDseNm6gaXxUDjVfak+PHFwIK59ecAXM22B+uhG3Y/fq1sbLuy4KmX1Ewb5mUaeVnFuhlISX6RWgvnA8HohVY1SvEy5yXzJ2A7A0F85bSNoFXtlcKPeSVQnu9cqjXK4XakUR+Q9sciNJtYA6HPUY6oMAvlJAHQ4pxOTiVstcSVzVXZnqfJl55UxGSjT9nEgAsKuZnC6qWDnwvJHIx0kL0eaHfMUtwRaQQnh24n+z3G9ACxhftlDUDfx/Ap0bPo+dS9DlO54KcZZAyaqAfrzjwrMAzg/zRywd67sHotfIbl/u08BWwegznst9JM+07ma3BM8m6uSAtNBveF/ocQfSFw35xo88VrZhlSP8fPHASz2EQDdMAAAAASUVORK5CYII='),
(10, 'admin', 'admin@example.com', '$2b$12$rSEmBgghZNtrgf.nMUVueuI/ZRA.ira2/q6UwygPl.OCmUZaSKeXO', 'admin', NULL, NULL, NULL);
INSERT INTO `users` (`id`, `nama`, `gmail`, `password`, `role`, `tanggal_lahir`, `jenis_kelamin`, `foto_profil`) VALUES
(12, 'suryapraditya', 'surya3@gmail.com', '$2b$12$EUIJxeMonczx8zGD42vAmO3OI.VKI/ChuFix9xheskbc2yXNcZUjy', 'user', '2026-05-08', 'Pria', 'data:image/png;base64,iVBORw0KGgoAAAANSUhEUgAAAS4AAAEuCAYAAAAwQP9DAAAAAXNSR0IArs4c6QAAAARnQU1BAACxjwv8YQUAAAAJcEhZcwAADsQAAA7EAZUrDhsAAHKZSURBVHhe7Z0HeFvV3f8FkYCWERJb95wrh3hk2Q500fV2vHTR0peV2HdJspMwmv9bWt7u3eJOINjWPfdK8sgEChRC2RA7CSSsUlZboFBGKSGJd/bevv/nd67kyEdXsmTLKzmf5/k9EOuOozu+OuM3XC4OZxyAJeMib2VtBft3DofDGZNghVQKCnnDdYlxOvsZh8PhjDny5yy6zDdvqYVUfQH7GYfD4Yw5Jlfc8hVx/vK9YlXzC6K/Lp/9nMPhcMYWlxinI9V4zbfgVgup9d9mP+ZwOJwxB1LMet/8FRZS9B6XXHMa+zmHw+GMKZBq1MG8lljVbGGFPMp+zuFwOGMKLJFbQLSwFrbEqiYLafqn2G04HA5nzDB5Tuiror/BEv1RSww2W0gznj57zo157HYcDoczJvDKt2BRC79Ih4eqYfnmLYf/LmK343A4nDHB5EtqzkFK6DnfvGUWVoklBhospIU35l2xyMduy+FwOGMCQQ59T6xeamHVpL0tMdhoIYW8zW7H4XA4Y4J8pf5/cCC6TQxEqWhhzbTEQKOFZENht+VwOJwxgaDo7/iql9AhYp9wBZusfK3uo+y2HA6HM6oUzq85A6nkd2JV8yEQKypaMClfvRj+uxJV1Z7J7sPhcDijCpLqPwl+Wtgf6RMtKlzzV0Dv60Z2ew6Hwxl1kKyvhiFhomjRnlfVkoNChf59dnsOh8MZVfKl0KXYHz0sMr0tEDKkkjdcLtcp7D4cDoczauTPuXEm9ke3g8tDv95WTLiwSl5h9+FwOJxRRVCMm+xVxP6iBT5c4BLhlfRvsvtwOBzOqFGsEYRVc3efzxYzv0WHjpJRzu7H4XA4owZWie6bt7Q3SbRiwoWDjVaeFvo4ux+Hw+GMCqLfLMWBhjbI/JAkWuAGUbXY8ir6nZODxjnsvhwOhzMqgG8WzbMV95BnhWvecohP/DG7H4fD4YwKqKpWwKqx13FuKy5c80G4jN+y+3I4HM6oIMi66Zu3xHluCwwm5qsWW0gK8R4Xh8MZfSbK+keQP7IJcmwlCVbMaDYIhfyH59/icDhjAkGqnwvDwFRzW1S4qMe88SK7L4fD4YwKSA61Qo+KFSsH4fobuy+Hw+GMON7Kus9gLXxU1PrHJLLGhYvD4YwZkFR/r51HPlmskoRLMf/O7s/hcDgjCqpqEEQ18qQvVrUnndnCRbhwcTic0QVrhlQwwKS8bRBc3QDB1Y3sMTgcDmdIvHvfmULbo66PWDWuU9nPkqhZ7xagInUGvS0ao+iPWKgidDl7GA6Hwxk0b97l8u1c736tc/WEL7GfOeGVI2chRd+XKi6xv3CFqXjlXcGDqzkcTo7Y1OqavP0Zz/P7nvHs6ll72kz2cyewFv64qJl72QynjhYTLqRFZrPH4XA4nKzZ8KgL96z1vGC9eZrV1XpaDft5KpBqPGAHVDsIFWtcuDgcTi7Z9MiE5iPPeyzrJY/V0+rJqPLOxCv1c7Fmroc0NUki5WRcuDgcTq7oWjXhy7uf9Oze9aTH2v2Ue0/nYx6V3cYJQa6vitVGzMxiwoWDjTzzKYfDGTwbHpvw9V1Pevbsespj7XnKY3W0uF+xrMwq72DVrIDcWkkClcriPS6FnM8ei8PhcDICVg53P+nZBYLV2eqx9j3tsbpXu19jt3MCVd1+JlbNO3xsvcR0Br0tLWx5K275LHs8DofDGZD1613urjWelw8/b4tW12oYJnqs9lb3Q+y2TuTPbRKpQ6k/nCxQqSzmx5VfUbeQPR6Hw+EMSNfqCTftfdoWLLCetR5ry1qP1bXGcwG7rRMTAw2TsEIyc4NIMMgeIciklT0eh8PhpOTlZpenvWXCb6CnRYUqQbi2rvVYnU94Mlrx80r6z8RAw1HodbHilM7s7BDmq+zxOBwOJyWbHnF9cud6t7V93XHRosK1xmPtfNJjbW71fJjdxwmkGI/7qjP030oSLp7WhsPhZAg4mW5Z63lyT8IQMW4HnvVYXS0Tlnevd53F7ucEVoxHnKtUpzcuXBwOJys6W9zN1t+TRQvs6Aseq6vV/V12H0cubPYIMsnc8ZQLF4fDGQxdradfvPspdyc7RIwbeM13trh/xu7nBOSWx8GmfXSV0EGc0hkIF1aNF9hjcjgcTj/+85ALdbZ6tu995rjrQ6LB3yDUp7tlwq/ZfZ3ACrnOLoqRLEwDGeTjEhRjw7kVtYXscTkcDofy+krXad1rJhggWt1rkkULbOd6j7VjnXvj5kcym5gXZP0bGQdWO5hYvRRcIn7OHpfD4XAoMEQ89Nf+rg+s7X/GY3Ws8jzH7psKJOsLhiJcvJI1h8NJyTurXN6u1Z51iY6mTrbvGZiY9zzP7p+CUwRJvyGr4GpWuOYtt5BKfsoemMPhcFybV7mXWH9LFirWqHCt9mQ0YY7m1gqCTNozyniawsCNAslkiWt+zRns8TkczklM21rPR/c+427fsT5ZqFgD4epsdWfkoiDKZCpSyFGIOWQFKWODLBGqeViQ6jMKL+JwOCcBkJams9UTOvai8ypiosGE/Y514ApxSkYrij617jykkINDEy672k+BYma0GMDhcE4COle7PgWT8VseTxYq1uKT9ptaT5/OHseJnAmXP2rlKfVfZI/P4XBOQsD9oW2VuzU2bzWgxYWr7bHMimPkRLj6POj1Z9jjczick5C21gmX7XrKcyST3lY/4Wo5bRZ7LCdyKlxK6F/s8TkczknGO6tcp3esdq+zJ9uTRcrJRk24YFXSH+maLNV/kj0Hh8M5idi8yvMhmGzPtLc1msIF5pu/wsKa/gf2HBwO5ySircX9x/2QnsZBoFLZqAoXpMXRzDtQVe2Z7Hk4HM5JQNsqz0f3PO3ZDHGHrDils9EULrq6GGyyxIBxIXseDodzgmO97PK0r5pQDxkeMp3bGhPCBcU2go2WV9F53CKHc7LxfotL7GjxHNqaxdxWonB1rPL0vvfgaAgXrC42Qp3Fd9nzcDicE5z2ljM+373G05suA0QqA7HrWOU+vPkR1wz2uE7kWrjocLFqyUGkmt9mz8XhcE5gOls9Tx74S7IoZWIgXJ2t7kPdra6R85xnzDdvGWSLuAMyT7Dn43A4JyAbH3VN2rrW8zIkCmRFKRMb9R4XGARd+6O78/0kozZwOJxxTnur+3rIF88KUqZGhavFfaztMdeIhvywRgtvyKEb2fNxOJwTDMvlOqWj1f2LoQjX6K4qHjfIFoFVYzua2yCw5+RwOCcQW9a4fJ0t7o2QloYVpExtrAgXmG/esl6k6nXsOTkczgnE+w+dXgxDvcGsJo5F4RIDtmsEkmqL2fNyOJwThLbVEy6HuMSeERSuWAbU3uEQLjCxeokFdRvZ83I4nBOErtXudYNdTRyscBXOX3EGkshDscKuOTdwSBUUnqeLwzlh6V7teSHThIGpLNtEggBSyFVDKU+WzkToyfkb9qNK/QvseTkczglAR4vnr7kSrq5HTy9hj58KQQldO1zCBeabv8wSVfNe18JmD3tuDoczjml/bMLF29e5t217IlmMsjHI3wXH6Fzlvp49RyqGWsl6YDMtXNV0yKuEPsuem8PhjGO6Wt01vYPIBuFksYKwL7LnSIVXDn3Lt2CFg+DkzsSqZgvL+sPsuTkczhims7Cw6J3J089h/x6ns8X9s6E4niZaNgVhgYmV+hcEf7SHzkc5iE4uzJ7rihzNl+ovYs/P4XDGKG3FpWZncXnKfOy5FC7ImtrZ6nmWPUc6oDdEM5g6iE6uzFe91MKK8Th7bg6HMwZpm1r6ra0l5fvbiktTrvTlUrh2PwX/db/V0+IS2fOkAqmkZbiFiyYaDDQexlL9dez5ORzOGKJ3+vTTO4rKdmwvmW11Tv1QSg/yXAoX2KHnIEvEqT9kz5MK6ssFgdFJYpNbA296QdF7Js7Xz2XbwOFwxghthaXkwLTzj3UUlx7tmnpBSheFrlXuG3IpXEdf8Fgghux5UoEloxyp5r7hnOeKGx0yyiGdbQOHwxkDtE8t/di2krLtO6fNttoHEK6OVRNuPPzXZAEarIEIdqxy/yLTZH6ivzkfq+ToSAgX9LrEYNMGVBmZzbaDw+GMMm1Fpa/vnTbb6iopH1i4WicsOpRD4aL+YGvc295rcWUU+jNFWjIZq8YrsXQ0w2zE8s1fbnml+ka2HRwOZxTZVFjq31VSfri7uMzqzkS4ctzj6l7rsXash4DtzEN/sEaqCqCoq0ocxCbHpoUhZ1evoBjXsu3gcDijQHd5+Vk9xWXPHJh+vtWeqXC1uH+VyzkuyDBBe11rT7uSPVcqsGZcIlYt3k5TL7NCMwwGq5jIH31JXNj8QbYtHA5nhGkrLPvm/mm2aHVkKFy5XlUE2/c0/Nf9CnuudAiq8djwhv/0NxAvQQktY9vB4XBGkE1TZhS0F5a+v72knIrWaArXnqfoyuIbm+5xfYA9XyoE1TDEquajNL7QQWhybfZigHlYVEIfY9vC4XBGiPenzgT3B6szJlqjKVwwXNz1lPtIe8upGc8jTQ00TMIKOSD6o0kiM1xGh4wKeZptC4fDGQE2F5TN6C4q27Qjobc1msIF1vsi9Lo8v2fPl4rpQeMcQQm9MTKrizGDObVg0wEkkW+7ZHkC2yYOhzOMdBSVLjyYMLeVjXB1rHLfQEXGQXyGYruehFQ37r+33e/KY8+ZCqSENSjqmiQww2kxoZwk10xl28PhcIYJy+U6dXNR2duJc1uscG2bNvs8dr84HY+5vr71cffuoebjYg3yc0G2iM2PTfgSe85UTJHqJ4taZD2tjcgKzDAaOKZiLfKnSfLNE9k2cTicYaBzarm8raT8GIiUk3B1FJce23jerI+z+yXS2ep5bqgZUFkD4YKg67aWUx9jz5cOJOtLhj/omjXTKrjqNkuoCC1k28PhcHLM697yszqLyp6FSXlWtOK2C8J+Cmfdw+6bSPfq3AsXGAhXzxr3hp3PuCax50zFJIWcj1Xz2EiEACWaPbdmvoM0Hg7E4QwrbcWz5L3TZvcmriSyBqE/HUWlaZP7dbV4Xt73bLLw5MKOPO/p7VpzWg17ztRYpyBFv98HmUsdBGb4jFi+ecthlfEl14ULeY56Dmc4gLmt9sJZvwWHU1asEm2PLVxpy3S1PzZhDq2ruCZZeIZqNA6y1X3r6ytdp7HnTYWohD7rCy7eh7WR8enqMwgHCjYdQZX6/7Ft4nA4OWDLrM+c3VZYumuLw9yWg3Cl9VVqX3vGVKjSM5RK1qkMxHDHOs+xzas8H2LPm5KamlORYtwHVXqSxGW4zR+hzqnCXF5MlsPJOZvPK/vt9pLytMPEuHBtLpr1HPTQ2GPE6V51+rSu1Z7dWx9PFp5c2N6nPVZHi/tu9rzpQFL9J7E/fHik57rAILEh0sIvwrCVbReHwxkCmwvL1qSblI9bT0m5tbW4bF970cyUQc9WjevUrhb3z4fDERUMskVsf8KzqyubXhf169Lvp1V6HMRleM2k1YGQSu5AVbVnsu3icDiDoL1k5ue2l5R1bh1gmAgGTqlHZ1xgtZeU/pQ9TiLtLe7vQPZSVnRyZcfAyXWVJ6s8WIKk/xcONh0c8bkuMJjvAvGqrP0U2y4OhzMIOkvKrzoGYuQgVE52aPr51uaSmd9lj5NI1yrXh7rXuNt2rk8WnVwY9Lq2rHW/1/6wK3MP9Ytq3KIWXjkqc13URSIKnvWv+yQ9o6SIHA4nBS+7XJ724pnNdNLdQaSc7OD08622opk3pJvnArpaPc8e+Euy6OTK4NidLacuYM+bDqTpn0L+6P7RmOsCK1hwG7hILGbbxeFwsqC7sBy3FZUdhLkrVqBSWU8x9aDft7mkbAZ7vEQ6Wk79FfS4hsMtAgziFzta3G9n4xoBCHLdn0femz5mMEz1Rw9iKVTNtovD4WRI97Ty6R1FZYezEa7u4nIqXgMJV9fjZ6KOFs+R4VpdhHQ3e5/2HG1vdX+bPXc6JsnNE7FmvjbSMYxxo171/sjh/MpFn2fbxuFwMqC9qOzePdPO72XFKZ2BcHUVl1mbpsz8BHu8RNavd7k7WybcOlzDRchAAR76W9a6X93yoOts9vzpENTQQrFq8cGRSu/MGpQ2Q5pxn0teydPfcDjZ0lFU+sRA3vKsga/XDjtmcUBfqs5Wz9VHnvccY0UnlwbC2L7qlDr23AOBFf2d0ep1gUFqaa9c18S2i8PhpGGlyzWhrbDsyb1ZChcYTOa3F5e9xB6TpXu966yetZ4X9g9T7CLY9nW017W9/WFXKXv+dIgSuRgm6rE2OhP1dMioRXZMurIuZZogDofDsHlq6aU7S8p325PtyeKUzrZBbq6iso73CmZ8mD0uS3vLhBBkdoDUNKzo5MrAZ6yjxb3csjIrHBtHUPRbR22iHsQr2GSJWvQNJJnFbNs4HI4Dm0vKvkOdSR2EKRM7DP5cxaU/Y4/LsnnNaTO2PjE8sYtxgwWAvc949mxZ7bmQPX86JgeNc5AW7hGDjUmiMjJmZ5EQpPq0qYI4HE6MzdPKF4JPFitImRoIV3vxrJ+zx2XZ9JzrA52t7pWHnvNYna3JopMr2w9+Xa3u29nzD4Qg1d9AhWs0POrBYKgabNyPVb2CbRuHw2HYXFT2HSj2ygpSpraluMzqKirrAZcK9tgsnasnfOnAs55dkO6GFZxcGaSL3va451Db/ZlXvY6DFeNu30hVv3Ywmu7ZHz2MKm/miQc5nFRsnHrBpLbCWf90yi2fqcHq4vaS2VZX8awL2OM70d7ieezgc8mCk0vb8zQtqvHW5lWuKez50+FTjc/gQOO2kSxnxhrNIqGQZrZtHA4nRvd506eBL5ZTbvlsDFI5dxSXPsge34mONe6PQ69oOOe6wLeLZqVocX8fslSwbUgHDBlHvCpQPzOtggUrQLx+w7aNw+HQohgzi9uLSo9k4zHvZDG3iH+yx3fCAofU1Z4/Hxjmua4d6yBLqmfnhvWuM9g2pMNXHc7DmvmX0Ul9YxsMGZE/0iZUhFKWgONwTlpyJVzQa9s/bfa+zuKya9hzONHZOuGLB57z7B7OXlesItCx7jXu5u6VrrPYNqTDWxn6Kq2NOEpB2HSVsZo6xb42ee7NWQ13OZwTnlwJF7hSHJ5+gdVeWJqxB3j3avdDNHe8g+jkykAYj73gsdofnZAy4WEqkEx+Z/e6RmmVEbzqF6yw8iU9zLaNwzmpyZVwgYEDa3dR2c6N583ysedxorPV/Unwuxqu4Ou4gdNrR4v7H72rXKezbUjHmXNrBSTru3xVTaO3ygi56oON25AcUnjKZw4nRi6FC2z3tNlWW2HZL9jzOAGT5u2r3PfZflfJgpMrg+wRIF7tj516LduGgRBU8mUx2LQNj9oqI7F8wWaYqN8OCRDZ9nE4JyW5Fi5YXdxcVNq5obAwownx9lXuz+15ytMLq4ys4OTSII5x37OeA91PuD/DtmEgBEm/3Td/+aj1umiu+mDjUaQaIfGy5g+y7eNwTjpyLVxdJeUWVAnqmFqaUdl5iClsb3X/1K5OnSw4uTLo0R3+K7hJuG+zrCzdIzSCsEJeGM1VRki7A+KZX1l3Gds+DuekI9fCBQa56LuKSpe+Xl6eUUZSCAXqaPG8C/njWcHJtUEQ9qZHJ/yBbcNATJZCkjhv6SiuMsZcJFTzRRyIFLLt43BOKoZDuLpp1oiyo5uLZ2ZcNqyrxeO3Xk4WmlwbeNTvetL9786W04vYNqSlpuZUQTVvhCwOrKCMpNm56o072eZxOCcVXVNnlLQXlR7LpXCB7S6ZbW0uLB0wwWCc3evPyt/+hLsFhIUVm1xafMjY9tipq9k2DMQk+eaJgkx2iKO+ytjUI6jGlS5XTVZDXg7nhKFdLJnaXlR6INfCBbUZtxeX72orLPsoe85UvH2/q6x7jefwcE/UwyrjtnUeq2PVaRLbhgE4Bavm131VTVtGdZWxqslCkr5LvKyGT9RzTk5ed5Wf1lY0S9+XRVmyTIwWjJ1+PgRg32ZddFHGy/idqyf8ergqXyfavmdgMcC94Z1VrnPYNgyEIIf+ZGeQYEVlhEyjq4y9WCE3uy5s9rDt43BOCtpKyq+CCXVWfIZqEAa0o3j2wbbC8o+w50zF5jWuGTufdHfCKiMESrOCk0sD8WpvcTf3vpOdY2rB3JunINV4cVTnu2DIWLXE8krGJWz7OJyTgs0lpd/tHUIG1HS2u+R8q624dCV7znR0POb++PZ1noPDPWSEnGAgkJse8GSUjicRr0TkggW3UjeFJFEZIYO5NkEhz/MhI+ekpGNa+SV7Smb3bMnxPBcYzJ1BXvoNhTO/zp43HR0t7keGO1MqGBST3bXe80Ln+uxWGadfYpyONeMWmvhvtDKmUsfUZiu/slZh28fhnBS0FZWuyrY8Waa2c9psa1tR2YZOVJixOGx93nXOlic8L0DJseEeMlp/91htre4b2DYMBLq49kyskj0+OmQcrVXGKKwy7kCVtZ9i28fhnPB0FJc9d2CYhAuGoIemnW+1F5X+hD1vOtpXea4B4RrO1DdgEOTds9azu70lywwSNTWnin5zDg42bQc3BVZURsagyAYkPSRLyuWVGTn8cjgnDO3F5cEtxeVHIGSHFZ5cGAwXO4tKd742ceok9tzpaHtsggmpb4az1wXDUThH92r3q+z5M0FQycrRLG1GVxn9USuvoi6repIczrinrbQ0rwvS0gyTcEFe+p3TZvduKS69B/Lcs+dPxYaHXaU7n/RsoauMwzjfBXGSB5/zHOpocX+fbcNA5PsbZyDVODp6vS67LiOS9dWu+TUZBbdzOCcE3eXlZ3UUl925j5YaSxaeXBiI19HpF1gbi2ZmNSRrf8z92V1PevYO9yojTNR3r3Fv2rr+A1lmHK051SvpRAw29bKCMmKmhal4CTKpYlvH4ZzQbC6c+fW9JbMPgf8VKzq5MhgybikpezvTikBxYJXxyAvD2+sCoxkkWj2r2PNnAtbCT4/mkBFqQiJFb4PQJLZtHM64AZbsvXPr5UwzZ76C0Jmbi2b9be8wTdKDQW+ud/oFUBEoq4rNm1pdk7c87nn2wLPDO9+1/QkaiL2jrWXCV9g2DIRX1SuwP3ps9Hy7bPcIXGFklMiRwxmTTJKbJwqq8Sf27+noKCwlu0pm98KwjhWdXBlkj9hVMnt3e1HpN9jzp6NjtWf+0eeHd5URenT7n4X/n7DhP2tdWfdcvHL9y3aRi1FyjwDXDC28QbicILZtHM74QK45DSnGy15F/xr7USp2Timf3FZUum84nFHjBr0uKEDbXVLe+/7UmV9m25COtlXuGltYhtf2PQtB2J4b2fMPhFcxP4z90R1iYLSCsA3LN2+5JVSQH7Bt43DGDZCrHGvhu2HYyH7mhOWSJ3QUlf4KJtGHa5I+bvumnW/1FJWutVyZB2G/f59L7Gp179r79PDOd8Eq5ta17q6ux8/MuuciSHqtWNV8dLQ86iFTK5LJKh4KxBm3IMV4W4QJY6mxnP0sFe8WlMzYVlT+zo6S3GaMcDIQr7aisjst14UZZzlob3F/fs9Tnm2QR54VnFwaZKnobPVkXG4tzhSp/gNIIVtHrdcFc2zUNSNaxraNwxkXIIW8CSlYkKz/mf0sHf+ZMvMTsAKY6zxdrMFc2pHpF1ibikqzCrlpe3TCkmMvJotNLg086rev8+zuWjUhq+EsLIYIKvkOLbChjNJcF+THl0jGiRw5nDEFFa7qpRaEpSBNzziebaXLNaG9uPQeWGEc7iHjzpLZ1o6S8nfbiktnsu1IRft6V37XGs+zkJqGFZxcGQxFIeSoo8X9Gnv+gcAVkUIcaHgTXBRYURkJE6EKd6BxqyiTz7Ft43DGPCBcYrDBshPfmcsznesCrPLy03qKyl6F4dxwihccm853FZe9+25B2Qy2HanYvMo1ZdsTbupVz4pOrgyypYJHfXuLJ+uajFgmvxKrlxwZnUrYxCq46jboaf+abReHM+axhctOvQLxbEgh57PbpGPDebMWQI8Iho3DLV6QnWJHSfmbPVn0vDpaT6uBXle3g+jkwsBnDFYxtz3h+WvHKpeXPX86CufXnIEVo5v2fpKEZfiNhgFp5urCK/Vz2bZxOGOaPuE6Hs/2IOROZ7dLx8bCsm9CnCHkkR9u8To4/Xxr89SZL22a4voA245UtLW4l/a+OHyrjCBedKJ+9akae+6BEBTjuzR7g5IsLCNhYvViS6isy3KOjsMZZfoJlxahcx9ehVSy2w1EZ3HZNZBXa7jFCybrd0GFoPNmfYdtQyraWtz/tfdpz7bhrMsIcYydre632XMPBK6oLRT90TdowkEHYRlus+MXQ+vYdnE4Y5pE4bIf5EYYMnZOkslUdtuB2FhY9r+7ICngMIsXiOPuktkHNxaVzmfbkIqO1tMvodWwh8mrHo574C+egx2rPBlV6E4EySGdrjA6CMtwW2ya4N88fpEzrmCFCwwCgQU59Ct220yI97xAwIYrLAhEcVtsXq2juCyjbAfvrHKd3v6Ye/1w5e6CY8IK4/Z1nr/ufjq7ua68ytovINU4MFolzXzzlvYKivlLtl0czpjFSbhoCpSqxZag6P+P3T4TNk2deU1XcWknCNhwiheEBe0qKT+cac8LJs93rHO/OpyrjDDX1bP2VNXKcp4QqcbLozVchDk2QSWmayEvZcYZJzgKV3yiXjXbvfItmN0nE7q9NH/Xn3qnf4gKzHAImC1eds9rc1FZNdsGJzY9eqof4gyHKxB713o61/UOe96BwFL9JXbwdbKwDLtppoW08OF8zci4OC+HM6qkEi4wX9VieKgfgWBsdr9MAD+vHdPK5rQXl/0LXBkgMDvXc1/2sBHmvMoPby6aOaB4WZbrlPYWT2jP057e4XCRgGSG3avdBzpWuS5iz50OdHltsaAa742KawQtINtkef113BmVMz5IJ1xgkEkA+yMPeeXIWey+mfJuSYnQVVR2U09R2RHqSJrjMKF4z6unuMx677yZA5bi2rDCdUb3ave/DkJ5MwfxGapBQsP2VZ4Ie96BQAppHq0K2DBMFRT9XrZNHM6YZCDhAoM5ECSRhy4cYjn3DQWzvri1qPyPu0rK9+2bNpuWJWNFaLAG4gVuEp1FpW2bpkwpYM/N0rF6wte3P+HZDfGGrPAM1cDtYvfT7ve2Pn5axoHrQL5W91Hsj3aORvC1nR2V/JttE4czJslEuMAgntGrGitzUWzh0LSy2W2FM+/tLCp959D08+kcWK7SQe+1FwTuglhK9rwsHS3uX1l/y71jKvTijr7gsTpWn5r14gZWyAaa7M/hHgyngVgiLdw2WarNSmw5nFEhU+ESYR6keomVr+j3uy65PuN4xnS8h4sKtxSVVXcWl74C4gV1G2HIN5R5MFgEAO/6rqKy5ez5WNpazzhv55Oe53cNwyrjzic9VnuL+5/sOQdCkPSb7HmukY9fBF8yQdHDbJs4nDEHVvT3MhEuappp+eYvs3Cg4QGvXDPoOS+Wd6ZPP6ersNS/Z9rsx9qKSjdCkkKYyO8uHtxcGPTeDk8/3+ouKl9qXZg+j9e7D7gu2Pa4PanOis9QDI63da1nz8ZHXRey50xHXmXo43Z65VEQLgg90oxb2DZxOGMOJOn3Zus/ZFdGNh7Nu2LR2ezxhsoGcWbp/mnnf7+9qGxXV3HZMRj6DWY10havC6xNU2cS9hyJWJbr1I5WT2Q40j2DT1fHqgkr2HOmI182LkSqeUQchYIavnlLLUExwlBOjW0XhzOmyJfqL6JDkyx/4X1VSyykGv/wSrUSe8xcsOW8Wb6eohn/3V5c2tJVXLYfkgnCamQ2c2HUx6u4fMvmgulp6yD+5yEXgnqJe3OcuyuWq2tNVkU1FjZ7sKJHaI40h+s+rAZiqUX34LnkE2yzOJwxBdZCHx+McIHRuEbIpKkaN7ik+oyzNWTL5pLyL+0pLl8UL9IBvbBMBWw3BH4Xl785UBLCztYJl+1Y7zm2JYerjN1raCkzq2fNhEvZ86UDq8ai0XGLiJUvU/T/ZtvE4YwpIOvpYIWLmh8ySsBSuvGWr2rJ5bmc+2LZUDirqKd4lrxzWvmz4PoAojSQRz4MMQ9Nu8DaWDjrBfZ4LJ0tnpeob1cOVxmhgGxX6+kXs+dKB5Lqr8KBxn0jX3/RpPdSVEKfZdvE4YwpBMX4dCxDgMODnKHBimOggc6RYH/D+vxK42r2PLmmvbjsmi3FZc/smTbbAoMeWKp5sJ7icmvntPL9ncXlMnucROgq43r3v6BCECtAg7U9T3msjtbT/rRhvSsrNxKs6K+NvFuELVw+Sf8vtj0czpgCK+QTon8IPS7G7DChiCVI+iuoevFlky+pOYc9Z66A1chd08qv2F5c/hxUHAIBY0Ur3usCd4udEJA9rWw2e5xE2h9z/3z/s56jMMxjRWgwBpWvO1s9B7aucmV1HZBC3hh54Yp50Ms6uJJkFSTO4YwokIcJsp767Lmq3Bhklwg20h6Y6G94CivkOva8uQaqXm8rLn8SYiJTJTOEubH24rJmy+VKuWpmvezytLd4emCiPhdDxh3roMfl2dK90pXVEBop5F+jJVxYIZtd8soBHXg5nFFFUPRf0phEhwd5qAapgcErWww0vO6V9PvFYPhjriGGDqXizbxZZ+8oKv9GT1HZTvAFY+e/YDh5dPr51vtTZ/yI3TcOpKPpaZkg734qN+FAPWto8dijnS2nZFWUQpB1P9QAyFVPOFOLCdd/uHBxxjwCXcUaHuGiFss+QFchAw2WIJOHRX/jr8+tqC1k25ILNp4383P7p50f3UHzdfUfPkKCw+3F5a+3l5SnzfDa0eq+6/DzyUI0GLPz0bsfYM+RDqSFZotQtJULF4fjjFfVfyRWjVCZLBCxqmYaXoIUYyP2R/+GNUOaEmi6gG3XUOkoKb1hb0n5uyBWifNdR6ZDObXSb6dL9te19vSSrY+79+WiGjZkXe1qdf+JPUc6RCX0MS5cHE4aJl6pnwuZATIO/cmRQe8LRAyGRDHv/eViVfPPfGr0PLaNg2XnlPLJHcVl68GLPu6BT3PiF5V2Wa7ytHnGOls9TbnwqAfh6mhxZ1U1mgsXh5MBWNVfHY3JYGrwckIcZPViy7cAHC/Je9jf+LwgkUBesGEW29ZseXPWrLN7issf3F5StjeeSmdvyewjm4tn/ZzdNpHO1Z7z9zzt2THUuS5wat33rGd715rTMy4DBo7BvqH41w3SuHBxxhVYIW+PmnAxRp0gaU8sAqlWLBxoWiZoZC7b5mzpLJz1xR3TyrvBcRXmvrYWl7++8bzZ09jtEulocS8+9kKyGGVjsDp57EUYLnoC7PFTgaXacqyYe7F/ZJ1QuXBxxhVYClXTKjMj/Auf1mhPLBwL6ia9YlXzU1gzwkgyi9n2Z8r7U2d9pqe4bDuIF8Q/theWzWG3SWTzI64Z2x537wa3BlaQsjHwyO9Zc1paB9h+XFbzQa8UWhMLqRox48LFGVfgOXoZHoWhSWZGbAED1woo4qGQg9gf/cVgCtcCG0tmfm5nSXnXsekXWG2FpbdbAyQdbFvlXjLUua6shYu6qZBbYpk4Rsxs4dLf48LFGRdgySjHWnjXSA9NBmX+eC+MrlA+hVTzmilfrZ/Mfqd0vFMw/dNbimZthwn7junT09ZB7Hj8tPJdT3r2DCUAezDCBcHroyFcSCabuHBxxgnWKUgmvxvpF2VIFu+F0ZfNeFPQzG+45JVpVwoTea+g6FNbCkt72opmhdjPErFqXKf2rHE39744+OIagxEupBq/Hun7QUN+KvWH4Xlg28PhjEmwTG4sWHCrPTRzeKjHrMWDvBesgGHkamFu/afZ75aKzVNnfql96sw69u8s7Q+fVrr9CXcHFMJgRSkTGx/CZQdZY8m4hG0LhzNmESUyFwebt0KqmuSHenyYWAVpj8OHsUJ+kGlu/HSxi4m0t054HfJrsaKUiQ1GuEZ+qGgLV4FiZCz8HM6YACnGMxBfmPxQjx+jDq3gTOuPPptfWZez6szta0699tBzyaKUiQ1GuJBSHxrZTKggXE2WKBNeGJYzPsi7Uv+CL9CkYsX4z6hUU861xQp7iMHG97Gql7HfdzBsXvWBKduecL+5cxDDxWyF6+w5N+YJsv5SLKJghMwOx+IZUDljmkly88TJUv0nxUBkJZLJYRpoTbNujrM5rjQmQn4wf8Nmn3zLR9jvPxg6Vntusl7OPuVNtsIFPUUaOzqC7ilwrQRFf2SKlN0KLYczIngV88Mo2PQjpEa2ItXYZ+fNGr/zWumN0OSGor8hJz2vzjU05c2erVmUMwORO/oiTXHjZ4+XClE2LqQVrUdQuGhdRZXcyLaFwxkTYMW4c8o37qZideIKVn8Tq5ZAPciNXlkfcs+rfZX79WwqAm1b57G2r3N3daxyZ1w9ZzSCrGEhAGmklm0LhzMmwKrxTV/V4lEoxjCaZve8sD+6cag9L0jvDPNcmaZ3huwQ7S3ue9njpAPaOJLCRZMWKmbXpLnkfLYtHM6YAct6+8hO/I4No+IVaNjok/RBZ53oWuO5AApqZCpcR17wWN1ZJhKkOdJgqOjwHYbD6CqsQt5j28HhjB1qak7FCnnoZBQu2vOCJIZSfVpv+XRsfNRV0tnqfjcTZ1RI3bznGc+RztYJv2OPk46RzjkPwgWZadl2cDhjClSpf4rO+zg8xCe82cU8jgpK6Fr2umRKV+tpN0AIECtUrNFiGS2ebW8+6DqbPUY6sKy/PmLCFUutLfCyZJyxzqTK0GxBMdtHcjgylgx6GEgz9+XPqUtb4ToVXavd39//rOfYQMNFW7jc27Kp8oNUvQhrkQ0j5k8H82j+yFFvYOgLFxzOsIMVcnPK6j6x3PAj9qs/CkbnuxT9Hva6ZELHKpe3s9X9zu4nk8Uq0fY9C+XJJtxorUyfOicRrOl/8M2HTLDJbR4O81UvgVqKf0ZVtWeybeFwxhy4orYQaeG247/sxxP3xea/nkMqeYV90E8UEzVwBYkcA7829tpkQtdqz8v70sQuQiYJqPDT0Xp6xkHLXjlyFlLI7SAmbHuHxeAHqnrxUaSErmfbwuGMWQRZ/xsEJtvlw5ospBqHkBZtElRjIXw+Sa07D7KPnqiuEyAQSNHXuFw1GQVaJ9K12v0KrC6ygtXX23qGukG88Z+HXWlLoSWSPzf0MQw/GiPlBgFDZpW0TQzcNIltC4czZvFqIYn2sKoW/wur5q/EirrSfhtcVOP2yqEmu+7iiRMK1Gf2kPigoJKMC1nE6Wn1fGP7E/bKIStaMPd14C+eIx2t7hvY/dKBFKJR14QRE64mcIN4kG0HhzOm8cq3YG9l3Q/RxannNwSNfEgMNHSM2GTxCBvMdQmy/jC4ibDfPR1tLafN2rLWY/WsTRYucJXobPFs633O9QF2v3QgdQTLxIE4BhutgkryIbYdHM4JAVZCi33BkS3cMFIGc12iZvb6slxVA0fUVMK1+2kQrgkrLSt10VkWQdHnIC18cKSG5fBDhBT97YK5N09h28LhnBAUBG+egmRybDwnGUxnkPcKKcb97PdOR3er58NOoT90mPisx+pumfA1dp90CAqJ2EPy5PYNh1FHXFn/NdsODueEAimhH/vmjdBq1wgb+LMh1ezKl+suZL93Kjavcc3oanX3bEvIFAEriYef91g9q91rt65yncPuk4p8NTwTBaI9I/XDYPuxRd4QL6v5INsWDueEASv1/4OCDbeN2PzLKBj4tIkqybhoK9DZ4v4ZuDzEhQsqAe1+ynOw/ZEJWRWwRXJIHzEXiFhQNVJJJ9LMH8+6YlFWXv0czphn0ld+MlH0N1wrBhuP0BdLOQFXFmNGeyGKsQZ8qdjrkIruVvdP4sIFebcO/9Vjdaw6NatVOq9MPkfLwo1Qb8u2WK1Ke0X5Na9q/ohtF4czLoHUKkKg4QV4oU+GvF3wHZFCDvvmhPPYa5GKxB7X7qcgxMf9Zs8a1wx2u1TAqi72R/4ijuLChx0h0WiJwebbkGR+km0jhzMumBw0zoG0KliLbKa9rBHyKRpto8KlmvuhOC57TVIRFy6YkD/2InjJu3/BbpMOQQoFR3JCPrWZdpFdf8NWpIT+mK1rCIcz6giS/ouCa+6ky+UnpNNpGoO860g2Ms6dFRcumhG1dcJT1ssuD7tNKqAohRho6Bk7vVlCIwmwQvbyStaccYdXqp+OA9G/n6gOp+mMhgCpRit7TVLRucr9U+vvHmvXk57e9tYJF7OfpwOpZsvY6G3FTLHdQkTZ/D9eyZozLvEqt3x2JENPxorFehwPsdcjFR0t7l/te+m03u5Wzzz2s3Qg2fg15ARjzz+aRgPr/dG3pkj1BWx7OZxxwfRLjNORot9pV1I+eYaL9OVVjA2oMjSbvSZOdLZ66tsenfBv9u/pwP7wL0AgRVhJdGjD6Jhp+Rbcankr63/CtpfDGVfkV+j/jQNNezEUUkh60GPmj9Beyonk3wWFZAVJ/3/s9XCie/VpUluLO+PMoYJUfwN14h2hsB5qEEgO9zBN7xkyhCDFuBN+sNg2czjjDiyFJFrdGHJ1MQ97zGFyN1LqNawYj/iqFydtMx4N6kwKsp3WJ5fkycYPMaQPGsGeFpwLqYblVfRuWo7OYcEFogbsv988pOpHHM6YQVzY/EGk6K/By9z3sEPOdhCzQPMrXtX4KmwH2TORGn7zROh52cKlf4O9FkPBK+u/xsHmEfeHs/ONherPkeone+XQD3Eg2k6zq8Z7X9DzCzYdxAq5DlIYse3mcMYtPjV6nhhoeAV+lUGwoGeFFFJ/5txaIXE7b0VttV3yfmRfzlxbroUL+6OjMKdFqF+WVyV3JLZFkOov8FUtroHhP72XUARWIf9I3IbDOWHIn7PoooL5y2l4iKCSn7OfxxH9kZ/SIeQ4Fq9cCdfkuTdPETXz97YT70iKlr3IgIJN+ydV1n2GbRcwWTYXYH/DK6IW6fDloLo3hzMmuXBhs0dUo9dg6Q9e9jMWQQ79yn5Zx6d45UK4kGZ+SQw0/YsW5BhR0SL2ymggekhQjSvZdiUyRaqfDD0w9u8czkkL0sLfEoNNe0b2pc2N0VVFJbNVRRbh8j8gpEYewP7ofntRI/n4w2l0Aj7Y1IVVvYJtG4fDGQBB068QA407xl2vK1Yc1SuFqtnvlA7vdZGzBJn8Cvuj/6De56M0VLZXesMr2fZxOJwBQKq5QAw0HBX94y9kyFfVbAmK8XzeZ36UUY4qpIa/ICjkHuyPbqQZFmgvaxQddjXT8gWb9yJV52lqOJxMmXQllDMz9o7XQrIwv4XUFCmcLYjfs07Jr9S/LvobQkgx7rLLujXaflBpHDxH0qC3BwKMNfN77FfgcDgssjwB+6P0ZWZfpvFi9gtP/iJI+n/1M9lYhAMN7yDFeAcp5AAER9vDsrEhVqzRuS5wW+E9Lw4nDQsXerBGVvRzVB2vBvNc4LPGGk22N46SKtKJet7z4nBSglUSKbj69jHbA8naYNiXaOzn48Roz6uqGZxMfzNFqs+qxiOHc8KDNVIlBhoOO8XCJRuJL9s7fMYt1+ZbsMJCMlk79dKbJrH3jcM56UGqruI+8Up+gWwDB0n6+W6kkH+JEAoTgOwTA4kdNzDI8kALXNCMHQNfMzsdc/R+3tvicNKAVbMCBxsPpgy2hhi5QOMuLBkXQVAvDT5WzS7wfRrPQ7JhN5h3q1psCQrpQAr5PVLJ5oEcXMGRFrJ28NqJHE4G0DQ3/oZ9VIz6vUzErp4s6fcmbg+rdqIWeYPm/RovE98jZoQuCNCMDv6Ifo5UPx2uGVbIJ5AW3pLKb4z3tDicQSBW3vJVrDU8QLNFxHpSsOIo+s2XztMW+djtXS7XKYKi/9IulcXnvqhB3UM75vM9KNzKXjBUqX9KDDR2UBeOvv1i1Xo045HC+TVnsPtwOJyBOQX7IxF4kWI9gL+K/rp8dqNEvJV1n0GKeb8YbBhT+dhH3DTTQv7oPjEQeRJdeVMRe53i4MrQx0V/pMf2PwvTHq3ob7iP97Q4nCGCVPNWHGh4M39uSGQ/cwIyFmDVPDhu/KWGwagHv0x09to4Icyt/7QYaOoWA02WUBFa5rqI97Q4nCEDecwhFIj9uyNyzWmCHFp5sg8X6fygQm7JtEwYlmrLUaX+BfbvHA5nBMivrP069VI/iXtb1GiBi/BRQbqJ58vicMYy0DPzVuov+6pO7t5W3KDXiVTyAJ+v4nDGMKgCHFgzLUJrO7LSVUioUjMeemi0yk4WbYUUNfOXWV6p7pvsteJwOGOAvCsWnY1U82801TH7AieZXQgCKaRZkEmVoJD3sWbuoe4WGe0/sgY9J7u95kGk6F2Cou/JNKaTOvL6I/+ZzKtLczhjD1RpKCA69EUdqMdF4xwXb/WqBi0E4ZUjZ3kV88OQUgerxloQMFrjcRTTRseDm8FxFMnkb76q5ruQYnxxctA4J69S/wJWjd5MnW3BxQErpIa9ZhwOZ5SZeKV+LpL1BUgL99ipY1JXzwaBQzK5jz0GpabmVBxokJFiXC8o+q6Mh2W5NMU8hvyRHZCRoaB6qSxeVpPkuyYooZvtFEDJXu+JZpd7ix7GqvFD9hgcDmeMMPHSmyYhxfgDTf0MLhFsrwn+DXnspdpydl8Wr0J+Qx1fHQQhyaDILfSS0ljSPg4G825INdoK56/AbHsSESvqSnGgcbMdYM62xc4HBuXgkKI/6a0M0aK7HA5njCNUhL6C/ZGnxUDjMTvsxYThUmyuyLi1XK45jd2HRZDJ93zzlicLg4MhxTiAVbInrSnGMXY/1qhwKeR9ti1OYJnovnlLevv2h8l4mi0DxM98Q/RHghcuXOhh9+NwOGMYyGqAgk2X4qrmVjrBXb0E5q62eGXyOXbbZGpOFSS9NjnQO9lgQUBQwwsFjaB0hhTyrhhMl7LHTjuDtMjWyZW1n2JbxIKvMrxYNXfbk/dLaeYMHGh6wiuT+ZPkmyey23M4nHGGoJKAGGx+CSlkFfuZE0gyi5FKtmUyAR7LHT9gHUKkGm+lTNeTeLz50CvUb2f3dwKpxq9xoOGAVwv/1isRmf2cw+GMc/Ku+NHZ0PNh/+6EEAhfQOeP2DmyJCN0LglrZhV7DBZB1d/LSLjsvPuL2f1TMWVeI3d14HA4IFwNJXa++PTCRVcv/ZG2fCX0MfYYLPly6HuZlCGj/mSq0cjuz+FwOGkR5oau9S24FbKtxgpewGpksuDQOTA5lFHlZ6GSfCitcMXOQ0N1tPBbEytCJewxOBwOJyXeitpqHGj8nqDo72B/tBerpBd6V9TJFcKE4vmr7CwMd7H7O0EztcaFC1wWoBhs7Fj0eHQ+jfSKgYZeHIj+3RvLVsrhcDhZgaoahIIFy2cU+MkMyG8vBpufw6rxHFbIC0g1eqcsvBfcFzKa8M9X9P8uuOp2WjUHREuQ9X/SY4EFGp7zKqHr4TwFC+6cAQ617P4cDoczZLwKqSxYcPtPBEm/gv3MiTwt7BP90Z+ACTL5X9fFtWey23A4HA6Hw+FwOBwOh8PhcDgcDofD4XA4HA6Hw+FwOBwOh8MZY+RV1K/Ol8Pr8ipDv4n/DUuGF2vhldgfWYf9jeuQopP+e7lceZW66dUa1+VV6MvZApsFc2+ekhdsmOWV6pcJkt4C1YMhJ7hY3TwVjg3bCBr5nli9ZB1WSRoz14n+hnU4aNDMnPmV5BY45+TK0J20DbQYhPGYqIUd9j1uYrBpXbyCMVaN5eL85etQikwDSDFC8DlWDYi1OyWbcwiqYbDHO1ep/W+kkrUD7q9F1iGFPIiqbqcOmHlXLPIJqvH9/EryhFAZ+pNXqmvMl+p+4a2or5x06R/Oh2tJ2yaZxZMl/XF6XSRyFXt+oSJUkieRR/Nlc12+bK7PrzQ+Kl7W/EGshW8Sg4vta6NFopCeOXG//IrQQnp/K/W1E6Xa4sTPfHNuzBMCTRcIkn4rhvvjb1jnlcxvO1XVFuW6z4lVi9eJ1cvWISl0Kfs5C6Rkhu8mVOomDjbSYwtS6DvwNyhsy24fBz73ynULBKlutVcK3ZlfGfr5pDn6f4kymepa2NyXODCvIlQN3yu/Ul+XV1FX2v8oNpBvP18mt9Fnr999MtcJYH5zzkBe/F7lpg97JX0NvFtehVwHZeLYbQA7VZD5GNbC68RgwzqBFqxNQJYn5FWGbrPvRX3Se5gIPH9wP/u3ObzOKxEDzV9RxG6fL+nft48begyiIRI/Q3NrBLim+RX6L7xS/VqvEvojXF8k1RbD3wvn25W9Id8/UshdVCvgGdfMR3AgUph4rHzZuNB+/iLr8ufUXRb/e54UWkzvRYXeP3j+woUeOMdkJfSVPEn/s1cKPeKtDP3OK9/ykb5zQzxYwdV3WFg21sb3Q6oRLbj6j7Q4AsSd0RzdCrku8dhIIf8quPZuCO3oTBQuLIWqsRbZG49Zg6IENAMljWlrtgSJPEz318jtU/7fvbTwAbV5y2Ixb4vp/9O/LbiVtg3CQmLtejF2zl0gKqK/Lh9SotCQEXocOJcdN0cT5MWOXfCNP0H7X4u1e9OUb9wDx3g34ev0gRTjJfq5auzO9hxIJW+wx8tT6oLivKUJ+6+wrwfdf7F9PNj/qj9aWA1b5fLK0wSFZirdBjF89HO4HrF97Li+MP07UkLXI1UvgswJBdf+CfJVhRLP7ZVvwVglr9khNbdC+34KLxCm3u12O+LfQVD0cPxhBLBqRuCYYvUSyyvrHzn+92gZDjS+BbGKtIBG7DvZcYrmVm9FqBpetuPbE3nKNX+0pkD75NC34n93QtDIh3Ag+m/sjx6izwG0EY4NQd3+yCFBCz+cP/f3SeKIlFC9GGw6BNvZ1wue2WYLx2IgfZI+K76toBg3wfeC7eKFQVgmXtowySvpHfF7Fb9Hfd8V4imDja8KAeeAb1y56OM4EN1oP9NLLDHYbIlznTNlYMW8n75r9LlfamdqlQ2lb4OLatxIIVvguYd72W9nBqQa//BdfXu/54q2lz47TYcEWTdBFOLbY9X4ExyXnrPK7Ptx8gX0j+BAw0bsjx6zi5PEriktuhKm1xZJoS/BtlApyX4el9HvAN8FyeSO+LEA+MHy0Wfwdit/bv3/9f1dNTbS75XwLkKBFuRveBBr5iGIU6XP/rzltgbBeeYttc9tR/MvsbBiPHT8gGSJnf8oFvRKk8Lp/4x/bm9jvAgXBSnGO3HhQopxuRhsPkbzmitkF1aNDqyQdqySTqyQbjHQ2IMkQpPBYU3/gzhvSTv9XCHtSCU77fJSJojGNns/ox0HGtpBsek+irGenlM12iAbZ+GV+rlYNd7B/oh9HHoe4xg8rEghB+PHxlXN7fFCECAusWP8I/H7xBnSOVTjAfZ450q1lyKFbO7b3/6uh+xsCORo3zXyR+Gz12EfpJD7QGhodgTF6MKK0UG3s8/dhVWj21e9tAep5BocqC2E3O20ao1Kbkw8N5JCP7ZfHnjQ9B/1/V2LKPGiErSIRqARRO+or/rGvL5tVKOOHlMLW4IUppWfC4LGFKQZm+jDo+hQbMJuO/1OxiH74ab3vjLegxMVfQ59keYtgzjEb8SPn4RccxpSyUMFMWFAirGj79oq5DC8/CBkUPwj/rxBUVesGot885bQlwapZCtWjHb7epFOrJrdSCU9UxICsyHJIHwv+rJqumNGVehNeSX9bfu6kCP2PehrSzsVQ3q9zXeEioYk8UKq/uuCq26zc+rHM1so9Q+yvVoAK8aj8TTacC9oPn9FX9O3wUU1bqyS9+CZhPjNfjszINV4xi4lR47Sa3C8zd0iFRd4X8nxkZVqLKfHVcjheC8JS0a56I92QZuQauyPvbv2NVWMLqSaPfAexzPmQsgWUo19NBg+FiQPmpAYDC8q+tfiQfOCVP//4n+Pv4tYJa/E/4YV/ZcF19xp/0CDhtjnjd1Po9tXtdg+t7NwGU00D7lKX8y/UPEKNLznVeo/nLBNknCJavg7BZD2JNhMH15IE9zfmj8Y7zJDfnNxYXPfZ4JU9334hYQGe6WQlLhP/IYnikrh/BXQOzgFHl7Yhh6DpgLWt9q9EWON03mRQt7MVLiyPsf1DsMBeeWExP1p6mTVeMre39xcOF8/N75/vLoyVsjd9gNl7IWhRP9rGLOFzR+Eh9qnGR91Ei4kEQ16KfRlV8g/vBfVnBX/DKthmd5zO/PCX7EW3oX9kaOJBSSchAvPJZ+gL9cC2kO7NbE9gkQuFqsaN9MHXiE9k4N/PAf2yVS4RH9dqegPWz7oKSnktfwKMiN+bKzqXxeDzZ20EpFK3o9fZ0ELXwEJC+26kWQd3Jv+18m+5okjgmyEC4RYUPQ34SXs910V8gMcaDxIr4NM+qXvmRhomASVsu3roIPgHaHvg6y3J24XB947+iNiv6TP2/el4R/5fjKDbpClcMXeyU0lcvPEeHt9avQ8rJDdsbqZb+TPbaK9VifhgtEN7WXadQh+2/96Hr+u8XcyUbiQQnrB6L4JvUYQLrhHcB3y5dDC4+1NFi6kkN/TmgZaZG9+pfn5lOdOKVz2BdiO1PBlWCF7oQuIZfKrhG2ShAurxjf7usdq6PPxbTMBKgvHhStf1b/Ofg44iEo/4MWHbjXdRnbOTjAI4epHJucYCHjJ7HOYG2scf4WPC5dvTrivF+SEqIQ+1idcmv4H+jfZ9IvBxkP0GP7o5oKEHxwgLlz011kyqqE3DdsKsvFIfJtE4UJK7fl0P5mspL1vf6Q7rzL08cRj0n0U/UHf/FtpbwnmPuBvmQqXUKHfQEVx/rKjWCE/YD+HXoh9zci2My//A83Y6pX0H8WmGA5iZdH/sPs4MQjheh3Nre03/wNDYehF0+G3Yj6Z+BFcK5rvHn6YJFKPFfI/tOdVtWSfqBp9L20cKlz2y/tvQTHnYH/DAeitYY3MpxsMRrhU430rQazpPJRMttAhtxo+ll9pzzM5CRcMn+kUxYIV8L5/L/H4TsSFi/bCZfKAoOiPwtQEkgyS0Ov+Gv1BAuGqPP4MOAmXVyGLodctKKHNrkv+QOfDHUknXFg1jp51WV0+UvU66L4hhdwbn5R0Ei5RJbEeF3QXzb4uaSZ4pfpvx4UrTwldzn4ODCQqsYlCW1QU0sJ+DgxVuDI5x0D0nUMxNjn10vqESzX20F+YNBwXLjhe6Mcu6NHJxjG4DyBaTgITFy5fFe0daYKk/4Jur5DX42mc+wmXFppt/818wxYm8i/2mACSjcdi32vb2THBzVS4kELeoi+7ar7hdE2EytCv4NkQq5p6vZL+W3nlShCPrXA+QTUfTpyAT8cghOsNtuI1jBYExWizeyX6q2clvGCCFLpWDDRZuKr5EFxb73WRs2whuA1e0EjicYC4cIEgw3fAqnEXzOsiRW+kz58sT8hWuLBibOj3wYXNHqyQHSAosMAQr+bkJFy0xwU/BlD8Vw2vTLcgAvQJF713REcyaaKip5Bdky/p+/GiPS4cbLLyK+vTCpeg1P8ShAtp4WOCHEotnGmFSzGO0RdVNX/kq156jHb1KuwurJNwwVACaZEtdJxu1+p7ACtkxZR59QUDVVjhwpX4ObnbnusghwXJbBAkcosgkVqwfDUcxVL9RfFt48IlVjXBL16rIJG7YxPTG5FCaE+JpU+47IR//yME6i+AB5X2piSjGrZxFi7jb7Fr8xZ7TMArkYdjQ4wD+VfaPe6MhSv+ECv6q+xnwKS5tefDfBPN26Uat9IitdAjpdfRvDe+HcxJTpYaC0Bs4hZfyQZyIVww/PdK5Ck6WR1stCbNrbs2/pEg66/b3yO0wbVwoQdWiZFCbqfDn0DDO+w96RMuhWyn/1aJ4Zu3jJZXy7t66dmxv2UsXHAPkUr2IdX4M6yMU1OMh7AWPoL9DRvik+qAk3D5qsN5WIv8ye7JNkO7nhQDkZX5leSyqYGGSf1O2E+4qF4sFSpv+RD2Rw9gLXxsUkXd12AbUTW+2idcCdfKSbiQSr5NF5OocEJpuuifkVTfDKuesIoe325A4YJVK3sS1PyPvcIUol1YrJIXYi9fn3AB+XPqFor+6D+hu0tXS+ACaOYeOtGuNcxPfIgS4cKV+Dm5O14CLL7SSleGqpfQ1UOs6r+IbxsXLqwZdM6KbhtssibPrbu4/1GPkyhcSDMU1xWLzhYU4yW4X4IUosvxWDNuyVq4FPJQrBdyNG+unY8rU+GC3l7sIXZcOcu7YtEsugBgz+UtsYWL7Ipdx74K3EgxG3zVS/fBy4tVYycONu7EqtE32Z0T4bIzt95A537nLbe8c0O0InZehVmKtchm+0dHfzS+LbyMdIV03jIrn5lCOS5cxnZUVXvmxPn6uVgzd4qQYVYhdPiblXBV2QV/YYRUcO1dtsHQM9Bo5c+55ebE7Z2EK8YpSDXugutE32HoQcHCGax0Vy35ceIqbaJwQW1O+Jug6N2xf98P/z4+x9Vk5Uv118T3dRIueOewYtyCAw1vg4DZ3g1LoRME87DvCXPrP003HEi4wA8o9reX4Qt45Xq68kUnEh2EC4BleHH+0iBWiCEGGnfTlRV4eBfcankr9SUwbk/cnu7DhSvh8z7h6oVeRWIBVd+8ZXtEWe9bUj4uXLS462GoI0hfKM283eU67paQSP8elz7P/huJ0DkbWd/tgmGYSn43eOEih/Pn1lKfrVwJV37FohkJwrUslXCJqtEkzlt6kC4sxZbTkWq8FP88Z8JVGVpBV2RBjCrtIQ3SjD/Q1WC4HxX1/1N40Yoz6MLM3NDHsD/6Llxv8MlLfP4ThYv2KCzrFBjqwdASyYS6KGHFyFi47O9LtmKZzBcVIwiGJP1Zeq8DDUeQYvwsfv40wkV9qQSpPoAU8mOkkN1YNY/E3SygNx8Xr349LtV2g8BS/Q0FV98Ow/6XXfNrzkCK8cU+4arUr46fwkm44oD/nTh/RRDJofvEQMMeOty2z71FBC+DgYQrvqzprdC/Rpe7/ZH3vNKN05FCnk4lXImgqtsFOkEZbGqjc1+qsd/JUXHkhYv8nf0MwHJs4lwh7YM9x0BkJFz25/tgaAGTw31W1SAkznv1zXHZK1M3C5X6IrjB9Cb7w3c7fYd+wqXaQ0OskE/AAwjXf6KqF8GKkoNw/SN27d5kjwkIEnmUDokUsst7uf3cZC5c+jswf4aVkOMPSt7cRVdg1TgGbRKUmHCBkNPrdHyoCMMruEbwjIGfkC10x1/4nAgXuG7I5F3bTcjomizVfxL2Qar5Z9sdwQD3kzeQpL+KJP01oVJ/ASlkpz300nsSD5UoXPGhmKCEgvYEfeRv1EFVMegzm5Fw2e9tvzmus+fcmAciSH3FqpdC54HWu0wrXAnAc1egRT8E7w72N9j3UjWuhM8Y4aJ1BoRK8mUx2NTrq17SS10hlNDH7KFio+WV6vucpNMJVx+wEFJ1uyAoxrVioKHLXnU29mYsXOAcKPojR+jku6L/DHyWYitIaYUrDlLJbXR71TiQ9CCMpHDRhxk+119N8quRoacBrgr0Qdoy2HMMRKbCBTcIltfZzxPpt6qo6jfYf9P/CAICf0NK3b3wvRL3cRIul+U6BdoTExgTK2aNg3DFe1zvOE3aYoXEVxW3eOWV1P0iU+ESZP2RWNGN7bBP0udK6G4qzlp4zySZfI56/8MSvy1cD7LbA1gl/2Ff+JwIl/0DuMkWWuNx+Hc+uKWA20PMl4n+eMDwMG4wZ0N9uhr3+jSjr9eRKFxTpPrJ8DdBIxeLwaajMEkNjt/gksR+DycSVhU3giNz4mdemGcCh3D6w2LGetmZCVecvLmhIAw5qT+WHKKuN145glnhgusnyOQpGK4Kcuh/BSn8X/aqYoMF3vfx42UkXAmIsvFnuhruj1gZCxesRGDVMOzVRf1WOsdlT8RmJFxYIyviwgUqzX4+YsKlkHvpr2Kg8TD8siV+Bl1jsXrJQXgAvVClhnnhgUzOMRAZC5dq7HExDyAL1kIf7xMuRb/J/qt1CvZHl9kuD83gF2eLU3wfJ+FyuU4RFP2Xvqtug++1SpDJjeANbbtD2BPKUMae3qN5y44g1fhJ4jHhYRUD0RfovJlCDk28cgVdfRal+rnxIYYg6/7EfRLxqXWf8UGEgu3h39Tvw0uMc7AW/qc9d0R20x+cmppTYRUr9h33e9XjDrZxciFcSNFfc8X86+KIfrNU9Ed74NiCarwIf8uXdXBBgWfzGFKMl5FqtDL2rL26SF/UZfFjOQkXnedRzXuoW4FCGpBC3qbfPUPhYntc9DPoQUOUzIJbLZ9sC2e2wpVfGVLApYI+U3L9r+FvTsIFICW02P5e+jte1ayA7w6iNxThgnfXnu8KZy5cgOA3fuGrXtpre8nSX49+woUV/b/F6qVwoZMMvM9tB0LjUH7QdoBLZMSESwvNjkcDQK+rXztl8hINNaGLELZnMEsm5xiIDITL9u1RyGGkGrey1xJMrF7egFT9Cz61bqajA+rFtWcKtFdAfbn+A6s9fcd3Fi6XVwl9li6DK0a3oJD36MOW4IDqlSLT6QIAiJNK3oDQMK9cp2OlNoKgVwAvBrxgMjHjgitKZC6chwqFQp5kvwfSwg1YJSZWaj+BVBJ3YG2DZzCvMqR7pZAhKMYz9hCFDocjrhp7jgYKctDFnyA99lHsD6/wSkSePOfmsry5tZ/AKrgsDH6oSFdqFbIdqcZt/Z5lhbxHBTMQBQdUWq3bK5HX7B6usREm2dljumosmJO7m4avBBr+FY+/dRIuAM7jm7cEyrLZ7xr0WDIQLnv4SvZghTT3tVk1boXJ9QK4Fv6Gt6FqEmzvJFwQxiQGog1IM5OeOayQ52lYFR1uGtRZ2WmoCEyWbv4k1sIHsWYehvuO/WEaguWNzana7U0WLtrbhGebfU7s82+IXQfLBRfF/iXr53y42PY7MWFM2idcdMVDDW+Oxw3ZY3ZjY1/Ij2r85Lxv3m/ROLi+2C57yEKXsects7wq0Z16Ml4pdD0sl4Ko5KWoEEPn1WDSUjU60wjXdrpNYthEArGe4/fhwYuXxYL2wS8R+M/Qa6GZNU7HBzI5x0D0fQ/FaHcSLiST39EhOTwk8bjNeOzZghW0ref97/3w4v1silRfYP+S3wpOi/1WjcCPSAw2HYH7AZWl0VzbkRSppkqPmzBsAGAiWVDIkwULbosVfYVVSnAaND5KN1jY7EGa8S34W1/sJcQrzltm33N4oFXjuUlX1p0XPyYUcAWBhs/tuLfEZwO+z22WOH+ZBcG7XtWohmPA/I79vCylBt7xtl9a425BqqciCoAnNVJNHY4Dwyq7N2OAqO60FzPMWLia8UJ8H6QZv6VFbaEUmhJboWIA4cqX9HfpD5w/mnAP4s/KbSCWvULMoRS+L4TCxAQoZT1JrJjXxeNGRY3QVV8a8kOfBXNXonBNkRoLkGbugzbYi1vg1G283O+ADEg1nqPbxX7I+toLK/y0zc3tQsXxFWkQNPqeQwhbTLiQZn5pyjfutu9B4nMXi1ekz1mgYWc8ftUWLvMgPY5G7j7eGusU6ptH43oXw3wr/a8gJ/pxGW/ZOmP0hRMiJfR7eLbt97K/htirow37sWZcAt3pXl/1Ylh67ZsnQKrZ6Ju/HAp+HmULcIJXs10M1KBFOpFMVvd9phmXIK3h316Z7IUuMxybroz5I71INW+FOY7JwRrqlMbilUPfwoForxiI9qbscVGP8+W98MvsJCxUVFS9h24zQF0/eKmxv8EUFH0/fB9B0rd7tehvYTWG3TaRbM6RiuPfw9joJFyAVw79EKtmO1y7+HVECjkmyPo+JOtbkT/a7lX1iqkQEuQP9/rmL+vFmkE95xOBVUOsRQ7TBzrQ8K5XNabBYgncc5g8Texxxbb/b1i5wVqkVww09goKeRoCzftt4yeVONBgwkKLqIV7sb+hF2vmelpe7JLk+wu+Q7iqaVm8iGw/08xepOq9eX6TZmpAkq4KgYYaQSJbRNqGhl6vrP9VnLf0O/gKO9ieRZCNhUiJ/B4pZB8N5odeIQ1nMkCgerFG/hLfFn6U4FrBc5a+xxV6C7Zh20sL0/ob7hbVEJ2cBgRFvwniJeG7TKq05wOdgABiCFAXq5f2Ilhdp8+hcV/sWdiWKFyAIOuL4B7Y71pjL5L1Pyd+zoI08jQ46Pa/vuFeWCAQqxd/l20bVs1lsff80HHP+VumCWr4WUHStyFZP0LfXziOPwrP35u4aukPRSX02fgxQLiwCv50y+H5o1lb4uRLuoq0MMTl9mK4bmr4HXAZiX+OVVhJpufvW5BBUp2KtGiboNA4yb5nn16DqsVRnxL6Ct3QLra5fEbivFNiwU8nj2SIoyrwN1LrF5JSU3OqcPkf0ETJLLa3idmC5XbcVRrgYYkf07GrHQvyhWPBSovjvBqcPxAqgW2cJlSdAHcP2P7citoBx/iUQZyDZcDvEQOOH78PYOD8C+2FpeLJl/6+ACbIoQdJr9uC5TNYgYkDPz70fsxb8iEQXhB9elz4DrHQnETEy26eWuC3P+/n9MdAr0Ps3F75eCxkKhK/S6JB29jJ5EkJbRjIeTkOvZf0GUo8fuMMiNWLbwPPq92OxhlOP34UOn+mFyUfyy5M63K5+i3qwDwP/B0+v6hmfZKrTyJ0hW7BnTPQXHveMD8YEun1U41piVk14hxvQ+MMWB1kP0/Ep9adl9zmxhkQ/cJuC0CUBL0W4FSe+J5fUnPOpMvIVHhujn/v5TOSQp+Ai2rcdDv6DEQw8+kp3jm3TIs/I/GojDgglvS5hdRDcS5s9sCzbd/L/t8jcV8Oh8PhcDgcDofD4XA4HA6Hw+FwOBwOh8PhcDickw3wL5lSFZkOvhpg8P+T5948hd0uFeCnwjqxDhfgozPlmnum511hJ2DjuFy4orYw8f7Z93DJ9IGCt4eEvHJCPFMuZ2SAmgpQVo39+0mFHbO29HqkkMWQW8n2RAaPZDvXE+TnQZJOkGJcDyZq0eupxzmbbcH2UL9PDDQeg9JZ8e2H0V71LbjtWF/0u2ZcIlYt+RmU5cKa+T2H7fsMq8YPxUD0Z5A3H6r79LW/qvZMiBYQ/ZGfwn9pSTCH/eHvgkq+A2FPcE5fitJXgJ0CxfiJqIW/m3w88mNor6iFf4YV8wfxOouZAg8wPY4Wvh48rwWF7KV5o+L37/g9/DuS9f+D+xxPWJcrCuYaU5BUn+TFP1x4K2p/lD93kWP5r8EC8ZnxZ0dUdIf7lNpEeu1DC8+Ravp5wg8X4HGP/ZFHUcD4IvtZtkD2WHgPkN/8KbwT7Hc7bqHrRcX4Lr0+geaf9RX3yBJRNT9vX2fjJ/T9SXmdQ9fT90ElP6U5xRKZeulNk7BC7sFaeCfEJNGofrtKzGEIs6EGpbYUg9acm3LtXXacGuSyhqh9By97EC4IvIXYQKitB3FQqawvHorG0cXNrs3Ibtvf7Dp5NGZv3nILySaNQIeEY755ixWBJjSERGR2FkrWYlH47UhrVJAGRUuPe7NDrUGs6hU+f/gqpBhHplxzp0MbIZZtOf1+WCHLfPOWKVB/sN+FSICKoWZISDHej2eJtdvxRwv5Gw4ICqmFEmJYNStSencnsrDZ46ta/hnIJ45U8yX7mq2g1wUSC8I967t/9B5ClaIVVsE1d9kxgKpxhBZfVc0IlDtjD58tEG/mW3BbF5LMT7Kf5Rrv3Lrrpyy8BzJj9JW9ygW0XmVwsQIprONZQJPvux27l/gs2nG6dtpjKEIiBhvXeWW9DlUtLnZdcr1jeNdQAQ90eP6watcsHQoQfQHPHhSxFWR9J80mwT7rsefdzgRi/BYFFyuDjSKBzCPwvoiK8ccp18Y1gDkXxK/aWWn2Qwhbv7qT4I6P/Y1PUwHwR/uyP+Cq5ru9auirVJQSjMbS+aNP2GkuaEaBDU7CBTmv+44pk5UQ9Z/SoJYeRJFDPcG4+cMQVL0TQbQ7u/3x/Wj0O0Tz04wHDvGGQkVooV3lJOHYYJA5tKoJ0m04ZoNIBCvRT4jBpn/T79LvOCZ8v17kD/+O3ScdWNIfhoIVNEOHne73kXhZr0zxVtZWYH/0QTHQdCyWz8p+aSBwNtiwGEnkGvbeQVAwhjg4f+QJmrkBemQQDAsBvSo5KM5b+vPE9LzZghRjFaSYFpRQX/qW4YBmyfQ3vE4rUDExl7nELkfWcAjeif7PZhSuM9SU7HsWBYXst5MQxPJy0RhRKGjbcFhQw4+dw8Qj5gKsmP+PZrJQjX3nJmQBGSqTpdpypJJ2mqGCeW/sXGXGUnafoYA0s9Y+F9QcPX4uyMIBMZ7ewPHCxMd3UvRnaP4lGphKC2G25w8whCi8qOYMWt4q0ACZOtschUshD9oJxcyfs5+xQPpeKpaJjbbb4phxMxHocmIt/ADtPdGiof2BDJ+2cPW/KJCZUVDJPZnE2gFYCa3wVdvXqc/oA60fFf3NjjFhTkyu1D+F/NGtfSlp/NH7aa3ELBA143o7H739otCXhaYOCj8LiePY7VmgN4m0hv+DqjzxdCE03THNwGFuxFItTb2SLTTJJE1at9SCEu7s57kChhDxitzDKVyucsh4qm9lf7CgDB9WjuezB/KgYEwg2kB/iGjRX/uHrS8LixZelyoWdzDYUxnmuzTzhp3vv18186ECKdvtH7SE702vg9mdN4QfNyd88IMau1b93lHIHqKQBnZ7l6iGvir6o0ehICftPQQajglSPc2mmQmx+asDLocAU6SQB7Fq9quwnAoQKGfhyixZIQTj0h6gZiZl2hQha6aTcMHQUg3TpGiZADmHYnmsjhu90OSoEEiuapwCyCt+J2RssKuZmA+5YgVrMwXJ9T+hpd0TXia7mrNxq1NO/3TgytDHxWDDhuO/rCSWiiS6IX9OHa0ing1INe6nPQ2YSws0vNkviDZH0FQyCtlB087Ei34ME9ALhlJoycJFRxrr2e0BpIWj7AtvP2/L4LqudQhIHhRQiEOsWnKsr+q8P/pSqmD7wQDputnvQZ8TRX+P3XaoQBVtR+GiVdeN5f23hpzOaqiVXtD4Syjrh6FMUf8NUwPpQaC3NN0h0wDUWXOMKndgqMJFM38qxIBfYvaT1MJFfxn75bFKx1CFC+askGI0ws2gvSMt/JeBaieyCDSf2OK+1C1UaOxalh04XRHNNCA5pMBwA0q191172j6zE8/RU87XOQHVXexeEKF5sgSp/pfsNkMBevpIMRbbuarsF1ZQ9Nud0knngkly88RshQuypAhKci+NPnOQN0wzJHafrPl0/QeQTO6L5RyLPc9LocTc0I8dI5VwIYW87zTCGgpZCVe+XHch8of3272t2EuokMNT5jVmNdkGqXOdlsCRTO7IdMVh6MJFi11UIVXvl1YYGCvC5ZXq58HEOG0LZHutqEvKr54OWOGiD1KfaMH5I/Dy7k2XGnlA4AcMXgLIm554/Wma64a3IV0xu4sTk6U/lGMtbGdPpcOKMLR1d75kV/3JBYJURzOfxodiIOCQG4xNm5IrBiNcNJEeZFuNdwgS9ws0wnTGX6DuIrtXNtDcarR+6fFnOiYqA06tZMqYFS5BJV/ud3HtnQ5nKjZ92FlNk8QFVdZ+Kl1Op0RyIVyQCC0vmDz2HgvCBT5VkO2RJvWDggOS/n12m3R88GshEavmrqQHCf6tkLRpfTMBVmFxoOkgVvs/ODQPvKT3SxKXCqTUX8W+rPbcC/mLU+bbrLEr7DzrS7gGtOepGHvHlnDRedefsteC7gcpylXSgy7+wZDmuiA3P/ss0EU1u4p2XzWdoTBmhYvWPEvoasYbhgMNzzuVERtOciFcqRht4QJBFQPRV+gKK6S81sy+2oiZgmQ9KtpZSxPOTeckrcTq1oMGSsBrxoqkl43+qkeOQIk6dhcWmCRPuj6qCRPoh4WE8uuDBVXWXUZXQRN7GbT3SfZAAkx2+1wwWOHCqvGLpGsZf78UowNST7P7ZAr0gFEg2uO44gd5+7Xws7mY6xqzwiVI5GJaBkkl/RtHixYYr2bjJT9UTmThAodMWPG056JCP2Y/HwjIfoq1yHa6BM+cmxY/nXNzVvNQqQCnVV/10mP9zkFfUlqSKuVLGsdZuGL3USZvQ458dp9MmSjrH0H+6A4f87LawqXvGa5ogOEQLii4MmjhkuUJgkoMmHKIF65JOoddWi2raQgnxq5wVZIPiYGm7uMTvf13gOVQpJLL+u00TJyowoUVUom1COTltpCq/y3rBxZSCWvkx2zPmLbfLgdWm+1KYirsl9R4n/0lp//WIh1iRV3auS6fqqtJ16fvWoNzcPq86amAFNVeRW+0haD/j6x9/c3DeXOO54HPJYMVrpRDxWAziPhtgx06Y1Uvg0IaPvDdkvVXsEKgNkH/cwQaoQLRU07TN9kwZoULQHL9g7EyTkkGF4D6GSkkkvULlyUnonB51Vu+ioNN++lKkj/akV9ZZ1fMyQLIx45U4jwssCs1Z+y6kglI0d93ctalVWyktH5CpwhK6Gb6QjP7UqPhRs09qFL/ArvjQEwNhEro3JvDDyxtGy2xRx5l98sFgxUurJCaJOGi/lxLLfA7ZLfPFCTR6k2WWLX0WH6l/n9INf7c54cXbxttK9kJufvZ/bNhTAuXIJOf2y9wcpczfrFjv7htgkoC7P654kQULqTq90NZJdEffQ8WKtjPM+Gii9a7oSKQo3DZToe/ZfcZNFAMRCavOwoX1DDUyO/ZXeJgaZmXlpqnwxfbIbb/MQidghCk0AvZ3k8kkwds9wfnZ5TO66iDq3M5EIMRrklzyflYDe/qJ7T+sC2wmlmTqrpTJmBJfyFWCm0TBFZP8Zuf7Lvm/a9JL1JC9ez+2TCmhQtAml5LN0jxYMT9ZewHMnw3rUqSY04o4aqpORUrRhi82qFXJEh1g/Ygn37JqtOh5DsrXPQB0sxNk7P0sxqIPIlcZ98H9lothR4XSTX8gMUccES2V/n0o9QnLEm8Yi+8qmfaSzwFVYQux4HGfbFJ+KOxclX920aFy3iM3TkXZCtcF0JInELuSuwFwfCQOggrxpB+ZLBqfl2sat5Ffbdiq9J5VyzyCbK+hZ3uoc9LsPHdrD0EEhjzwgVgNXIj7cam6I5Tg64uuODDcq5q/pQ9xlA4kYRLkMh3aACzBitqNCQnI3cCJ/Kluu/jQMMRVgRibhB9xU5zhaAYn3YSLtp7UIw93rn1H2b3AcAbHNwSYr3AO5EU+r1dF5BtdzOtrp2Jk/PEwE2TkBLaaQ+NmiE861dYNTrYZzQ2/9dXjT2XpBUulayDbYS55GIcbJRElXwHa+HN9qQ5fG8TBBWC559CUv2QXBSgd4W18IM08YFqHAb3GvoB9JJVfZEdMJ8w/6cQOq8oqPovXNbg3p9xIVwAVsgt9CFxGJawjYfeBApE/ww3jT3OYBjvwuVVm2gvVJRvnoq0yL8SbziIF1L0xlS9lXRgRV8au3nMtaGBtX9jtx8qUBTWUbhoLGSzBWmP2H0AWNUDtwTffHiBTBpgTeMg2ZXQmNAIkv7wQIsKgkp+bvdWmiCs52mIj8MK2cUKl71aS/6eaZRGNmQiXPlS6Fox2PBzBD2tmMjS4GBaWduwvJJ+Jw423dhXFXwQeOEZ7otJJHe5EjKHeJX6D/cP24q1EdqskN3wHfofLTPGjXAB+UrTx+CXnJa81tL0vugDuBR8vvYJct3gvbZjjHfhgqK64F+D/ZFX7RjEhF8/Oim73PJW3PJN9pgDgbXw0qRJ3tESrkADCM5/sfsA+XOMC5FqHrDnX8i98DckkW/b7jbMswPXzH6pUgbyF87Xz8X+yAb7epuHobgo/F2Q6x9mXyZ6PaoX93qHIdg6rXA5DBWheKmgGn/CgegWu52EDhPpQkqwaTvWIkuEipuS5kMHQpDJeipcVUv2ibKZ9L4JSugZGnDf77qYsP0xrOqL2O0zYVwJFwBeyCjQ+Fusmnvpg+MwV3H8izSCwByC0uzscbJhvAsXOEAiNfwFHGg8xPYI7O/SZOFA5FXI9cQeNx1I0ZudXCFs4TJfZrcfKqIa+nxK4UrT4xJkch+8oPBCe2W7xDz0PrE/mvTw0/ZDvGWq9l+04gxB1lfTnHC2T2HfaiZSTUeXC5jCEDR9yE6uLNkKVxwxYFwoBho7EntBcAw6UtHCGzNJpRTnrEsMr6CQbupSIxsvsp8DXqn+Kqf7Zk8pGP/xXp59JuJxJ1xxvJBF1B99if46OryMiV8GBxoOQ6wge4xMGf/CZRbDNkiqfzDmptDf6JwD+F3pf3dlmEYH8FbUVyLVOMT2fqlwySTnPS5Rrvuc8wvQAL5Bb6MrnYUXq0Yr7W2p5o5zYr0jIG9u7SfgGiWJOV3waT4gSPoNbIA0TEJj+EGkE8wNWxJjJbFmViXdg9gDjlRyTeJxcsFghQvwSvU/oteSXfGDeWJ/uCVTFyOvrP9ErF56DNqQX6l/nf0cmApDdZlsSHJSpudbDsNVmhk4G8atcMVBCvk9HbcHU819QXe4GURmC6yqsPtnwngXrvjkPKqqFbAWfgayLSRdp1jOLEjEyB47FRYE7CokySkUfkiQP7wtr3LRl9l9hoIg6bWp3CGwpN/Ebh8HVvViw8QtU6R7PtDvs75eIxOhAfNAWtjKV8Mz+29vvGwPr26FoWlt4mepvPPhARe0wf9wpmIownVuoLYQKfpB9mWk7a0G7/b6H7D7sEDdBjHQ8LK9yGNY+RWLUq4SQjpu6lHPnAveI0EmTzulV0/HuBcuAFeGP45U4xlIV+vY+6L+Xo1HBEn/LrtvJpwowgUIlxOEtfB29vvQ7wTDhUDD7kzTj4ADKlZJZ5JwxX5JkabnLr97jXUq/Go7Cpfdi0w5V4JV8mhMuLayk8FexfwwZLBI6nVRAQBP8uMe9ZC1Vaxesj82h/eiV76lX+6qlMIFE/6K/suhZl1gGYpw0fhPhdzsONQHAVD1jQMlFkSafjU8p3ZvPX0u/8mVtZ/C/uTQMBF665p5BALp2X3ScUIIFwBL2IJqGJBGJD7x2O8kNIuqeQe7XyacSMIFiIr+W+rLkzQ/GO+dkq2ZZF6V5ZUQm/aso3DZEQ+D9hFzAivkP8nCZfvxpYuzRIq+OpVwAYJMvud0PaggBBu3Yy30cXgZBMX4F+3d02tUn1QAwikDBTXogSpkf0Ewt/G1QxIu+hwY1zu1F44HyRAHKogSj2SIzVU9AvcbU7eQZBNV8+f2/XN4Vuwc8fexx0/HmBUuUHtBqr+pIGhkdbO9lcZXsRrezYqX40ky5EQTLgCpZEnS9nQfKgTHIFMmu48T+ZKuUpFS+h8n5ngZzaioRgZA0QOsmpvZB9++D3rPxEtvcgxkzqus+zLSzD22uJHtTsIFzxpS9JeTRRESITbChH63IIf+DueO3ZcHnXojeVcu+jJSzd1JvX5buA7DggC7z1AYqnBBdSgn4bLrKZCDXiV11g2vpH+Tzh3TdDWLaUGVgmvvTmv2jxn7YxkbEVUt3gHvAnueVAyHcNGqRHEftASyEy6l/otIC1uCtiTrXEaQSkUMNHUmdksdT5IhJ6JwgVc7Uswd0MPqtw/dz6TXyyvVgjd6WqCSi+iP/pN9iKgA0he29nx2n8GAIeuAQ9wqbb9CbmG3jwMvmF0UhYrHNkijzW4D0PxvtnsDcw7SVzoNBEgMNu9JlzcfQoCShl/2uQ/61Lrz2O2HwrAJF3UJicAcXsqpFXDktWsS0O2WCnP1RQOZt6K+ESkkqWdLe/r2POMdA/nPxRkO4cqrqCsVpLok38/shEsOKXS16ipjkCl/9adtR7zYSewySfew22XCiShcgKiFL8b+yLakHgJ9CKIQtnMQwjbY/ViQqv/IV730SL/vQH2ropYwV7+C3T5bpkj1HwAP/6TvZ3uBb0/XkxFk/RvwgNHhnaT/DFKvsNsAeVcvPRv7w/ckPjP9DVZel1neyromdt9E4nnt2XYihRyAxRF2+6EwZOECUXf4MYgNFXcmrsAmklcBPoENO+x3gGxxSo2eCqgDAYVE2KkcOwwrbAlX3nQBu48TwyFcWDUcE2hmJVyCamyEMI1Uv5ADgRXyl76YLDhhsHGfIIWuZbfLhBNVuABBrvuVD+pPJu6X8B3FQPSFAXsKF613Y4V0si+9Pfehv8puni1ete4zYrApKUTHrptppFxNBGBCnU4gw8pXiuX6OHbZK2MfKwR938Uf/cdAUxd2JSFWuGDoZR7Jz0VSxQSGIlwQpiPIZKVTj5sKl0p2pqruhBRSD+egqb5lIykdeTpEJfQxHGzcGPfeTzQ7aiGUUXqhXAsXkkKXYsV83ul9zkq4oBFiVfMRiCvr90GGJApX7AvtTKwEnQ0nsnBBQkbsjzyb9LJRI3RRwyuF+pW6cgLKwYmBhqP95qDoD0bzfhiSsNtnypRr6idD6Sx2/olO6PojL8JQld0nkXw5tvIFTqUZJLDDKvRCoJZk4nWAuM5lUHz42+z2LI7CFRvSIpU8wG4/FIYiXFARm06lOA3boDSeQt5ymseDhIu28zdkk4i8I1SEUj5bqUDgwDsv+RrRd0o1/x2PREhHLoXrnK/WT4aMFqlKqGUlXPYXgbJGDf92mjAbCKyQp23hgvEzvZF3X+RQpiwTTmThAiCODqnGa+yDQL8nne+IHsFq+t4KAKW4xGDToX7iReeFmuCXNMhuPyAXLvRgxXiI9f+hy+9a+B8DVSmGlVFBJq1w/kyFi76YgeibidfC7jmSf2eSYE9QjUeT7gMVrsWQ1pnGD+aKIQkXpNt2cECl9y7Q0JmvOccuYqU+Amm6ae+oUn+G/TwTvJXGt+h5kkQzFmWQgbN4LoWLBt0Hmy3IrcZ+BmQlXPSFUSBPEg1DeGOSGk0/XEkASfXXiMHmHfZqBV3mfhei+dntMiW1cIXeYrfNltTCtdzCGqlht09FOuGiZdYHwDu3/ipwqmRfgvgDIQYaoehD0sQli6CEglD/MnZT7f3pnImxDUmmym6fCpjXEhTDwP5Ir/2AEyqCPppDrOHFTApQ4AAUATHtfFMgHBkIF5BfWatQt4dYhSmaNaIylFSF3AlB1k37WWHuZxWssuq5TW9ziXE6kskW9p6lEy6oeCUGwgvFYNOB/nObhN5n31W3QvX0OnY/4ANXhH3QI6LvlD98NH9uaFAVkvKuXnQ2FHbGDsNF+l7J+ivTB6jnmVa4MuyggB8eUkw67KXV5hln4zjw94yFCynkSFwsoFuJVPMfTiXsWQTZWCj64UWjQ017ObuidkgBrkjR30gSLnhY/NHuwSbhi+OrrPuok3DRtmvhx5xKqzmBVHKbcyVrcjSTlxx6E0gyfwO9K/vB7P9Qx4YPr0MviN2VxacQDQebn6BiEftlpdfLfrB+D06w7D6JoEr9U9gfXW9XwrYnbenkumocRopx55RLf5+2pxVnKk09ox+kvT7IOSVl/qIJSmhF3GdLkPQXJl+S2QQ0FITFCtnLLnjY/k6Nr3ul7OPyUjFxbuhjWDX3sM6ztJK1aqxN3BbyvPuqmq7yKqE3aVvoPvYKH9wb2sP3RzZ5IfljimSC4LBK822BoCvkyBRpyWR2m0zBSv28pB9a+syCO06jhaVQWidox0rW8KwpZMCCsEghmhhoWIggDVHcL08N/RVqTrLbAmhO/Sfjz2Hi+eCaQUWjfhvnV4Y+L2jmOnt+YintrtNxtT/yBKoM3Y8qQ7PpEAfsypuKBEVfirToY3BwyB5h5+YK34sqFiU5CmYD9kevgyVwttG04XQIE74DXZw8F5ARcs1pWI3c7yRcEEIB31tQjQHzlYtK+GtisLmN/eWFY4qBaC/SwmlXwhKB6y76I+uxv+EA/KJQg7JlNKYvCt341d4K52Dmfky//nRBNk0Qd9pTgiylsbQqWDP/iRRyX54U+lLfPZxbK4AjKA40PkQrQcPkL2QcgIdbMw8g1dwoqFnkboeEiX44f8OxeDhTNsNVmqYmED3km7esF8nGt9jPUyHIoZ+LwcakHGX0eYFyamr4105zR4MBKea97IIINXsVcyvkAQNDMllF7wG4hQQb6bAZ7ql9T0DEoj040Kj70pSuh+yo9rxWrOehmUdhCMVulwngc4dk8hd23jJudOI+2LQfaRHFyT0CKsKLVU27kt5JWqDF2B9zhqXfnTWkkBaqJfOXxUYXpp1QUzGcF+7gOVLDD7MdF9pO2D/YtAlpoS/13+mymg96JVIvBiIraXd/3jKr4Oo7YqtJ5DDkWMKqsQcrxjH425Rv3G1f2ED0LkEjMD80qPkn6uwYbLxOVIwQJEGDL0bj02hp+mSDiUzYHiresMdyAvuNi3zVS69DCnl6yrV/Sjpen8EyPhQXUMP3YBrrdnxxAYJgRU3/hs8f+RG4jdBKPUlthH8vtaZcexf8uj4A58wotOLChR6aTcIfvgurxl1IIQ8hWlJ+mVVwzR30xfAq5m+wTP4XVqfY3RMBNwNB0b/rq2qG47QXzF9O2wr3Mfbg7aElvFSyD3pYBdfcSSsq06ycqvEcPb8W+lImPw6FV+rnYoVch/0mXNuWKXAsKrx26hYkkyO4uukHXikycK8HogIkPQyCCQUx2I9ZkGZeioNN30cq2Q/D2T5xYCxWpeotHGy+DqtmBXucgYCiIHAfvZJ+P7gVwP1lz0GfVXhXrrkzZnf0/QBhP+31PglTC9jfcJe3sq5ucvCPjr1JeJ7hXFglSwqu/iM9Zt/3oskBjffgepc4OPU6QRMOyuR/kUrWwjOQ1O74NYqtWML5BIU8KarmNaK/rpTeW9VYRN9Hx3cSvvdS+n2Pf3fGrr4jds2O7wvvIFJIv8gL5Dc/ab+jegt9JlO0k2qRLWTfh/YlHoMiKPWfRoGmL0K9RXAqFKT6t7wS6fXK+r78ytAKpJlfQvOavkjDM4YIlgwvzRqpkbmCEvoKnDOV0c/pQ9soDeg2EENUwh8rmLdYgipFCHodDseNm6gaXxUDjVfak+PHFwIK59ecAXM22B+uhG3Y/fq1sbLuy4KmX1Ewb5mUaeVnFuhlISX6RWgvnA8HohVY1SvEy5yXzJ2A7A0F85bSNoFXtlcKPeSVQnu9cqjXK4XakUR+Q9sciNJtYA6HPUY6oMAvlJAHQ4pxOTiVstcSVzVXZnqfJl55UxGSjT9nEgAsKuZnC6qWDnwvJHIx0kL0eaHfMUtwRaQQnh24n+z3G9ACxhftlDUDfx/Ap0bPo+dS9DlO54KcZZAyaqAfrzjwrMAzg/zRywd67sHotfIbl/u08BWwegznst9JM+07ma3BM8m6uSAtNBveF/ocQfSFw35xo88VrZhlSP8fPHASz2EQDdMAAAAASUVORK5CYII=');

-- --------------------------------------------------------

--
-- Struktur dari tabel `user_preferences`
--

CREATE TABLE `user_preferences` (
  `user_id` int(11) NOT NULL,
  `age_range` varchar(50) DEFAULT NULL,
  `hobbies` text DEFAULT NULL,
  `mood_preferences` text DEFAULT NULL,
  `budget_level` varchar(30) DEFAULT NULL,
  `trip_type` varchar(30) DEFAULT NULL,
  `mobility_level` varchar(30) DEFAULT NULL,
  `preferred_locations` text DEFAULT NULL,
  `updated_at` timestamp NOT NULL DEFAULT current_timestamp() ON UPDATE current_timestamp()
) ENGINE=InnoDB DEFAULT CHARSET=utf8mb4 COLLATE=utf8mb4_general_ci;

--
-- Dumping data untuk tabel `user_preferences`
--

INSERT INTO `user_preferences` (`user_id`, `age_range`, `hobbies`, `mood_preferences`, `budget_level`, `trip_type`, `mobility_level`, `preferred_locations`, `updated_at`) VALUES
(1, 'dewasa', '[\"mendaki\"]', '[\"tenang\"]', 'hemat', 'solo', 'santai', '[\"karangasem\"]', '2026-04-29 06:51:56'),
(5, '', '[]', '[]', '', '', '', '[]', '2026-04-29 07:46:25'),
(12, 'remaja', '[]', '[]', 'sedang', 'solo', 'sedang', '[]', '2026-05-08 08:34:18');

-- --------------------------------------------------------

--
-- Struktur dari tabel `wisata`
--

CREATE TABLE `wisata` (
  `id` int(11) NOT NULL,
  `id_admin` int(11) DEFAULT NULL,
  `nama_tempat` varchar(255) NOT NULL,
  `kategori` varchar(255) DEFAULT NULL,
  `harga_tiket` int(11) DEFAULT NULL,
  `kabupaten` varchar(255) DEFAULT NULL,
  `deskripsi` text DEFAULT NULL,
  `rating` decimal(3,1) DEFAULT NULL,
  `harga_tiket_wni` varchar(100) DEFAULT NULL,
  `harga_tiket_wna` varchar(100) DEFAULT NULL,
  `jam_buka` varchar(100) DEFAULT NULL,
  `aktivitas` text DEFAULT NULL,
  `latitude` double DEFAULT NULL,
  `longitude` double DEFAULT NULL
) ENGINE=InnoDB DEFAULT CHARSET=utf8mb4 COLLATE=utf8mb4_general_ci;

--
-- Indexes for dumped tables
--

--
-- Indeks untuk tabel `admin`
--
ALTER TABLE `admin`
  ADD PRIMARY KEY (`id`),
  ADD UNIQUE KEY `idx_admin_gmail` (`gmail`);

--
-- Indeks untuk tabel `chatbot_messages`
--
ALTER TABLE `chatbot_messages`
  ADD PRIMARY KEY (`id`),
  ADD KEY `idx_user_created` (`user_id`,`created_at`);

--
-- Indeks untuk tabel `chatbot_sessions`
--
ALTER TABLE `chatbot_sessions`
  ADD PRIMARY KEY (`user_id`);

--
-- Indeks untuk tabel `riwayat_kunjungan`
--
ALTER TABLE `riwayat_kunjungan`
  ADD PRIMARY KEY (`id`),
  ADD KEY `user_id` (`user_id`);

--
-- Indeks untuk tabel `suka`
--
ALTER TABLE `suka`
  ADD PRIMARY KEY (`id`),
  ADD UNIQUE KEY `uq_suka` (`user_id`,`nama_tempat`);

--
-- Indeks untuk tabel `ulasan`
--
ALTER TABLE `ulasan`
  ADD PRIMARY KEY (`id`),
  ADD KEY `user_id` (`user_id`),
  ADD KEY `wisata_id` (`wisata_id`);

--
-- Indeks untuk tabel `users`
--
ALTER TABLE `users`
  ADD PRIMARY KEY (`id`),
  ADD UNIQUE KEY `gmail` (`gmail`);

--
-- Indeks untuk tabel `user_preferences`
--
ALTER TABLE `user_preferences`
  ADD PRIMARY KEY (`user_id`);

--
-- Indeks untuk tabel `wisata`
--
ALTER TABLE `wisata`
  ADD PRIMARY KEY (`id`);

--
-- AUTO_INCREMENT untuk tabel yang dibuang
--

--
-- AUTO_INCREMENT untuk tabel `admin`
--
ALTER TABLE `admin`
  MODIFY `id` int(11) NOT NULL AUTO_INCREMENT;

--
-- AUTO_INCREMENT untuk tabel `chatbot_messages`
--
ALTER TABLE `chatbot_messages`
  MODIFY `id` int(11) NOT NULL AUTO_INCREMENT, AUTO_INCREMENT=164;

--
-- AUTO_INCREMENT untuk tabel `riwayat_kunjungan`
--
ALTER TABLE `riwayat_kunjungan`
  MODIFY `id` int(11) NOT NULL AUTO_INCREMENT, AUTO_INCREMENT=7;

--
-- AUTO_INCREMENT untuk tabel `suka`
--
ALTER TABLE `suka`
  MODIFY `id` int(11) NOT NULL AUTO_INCREMENT, AUTO_INCREMENT=17;

--
-- AUTO_INCREMENT untuk tabel `ulasan`
--
ALTER TABLE `ulasan`
  MODIFY `id` int(11) NOT NULL AUTO_INCREMENT;

--
-- AUTO_INCREMENT untuk tabel `users`
--
ALTER TABLE `users`
  MODIFY `id` int(11) NOT NULL AUTO_INCREMENT, AUTO_INCREMENT=13;

--
-- AUTO_INCREMENT untuk tabel `wisata`
--
ALTER TABLE `wisata`
  MODIFY `id` int(11) NOT NULL AUTO_INCREMENT, AUTO_INCREMENT=420;

--
-- Ketidakleluasaan untuk tabel pelimpahan (Dumped Tables)
--

--
-- Ketidakleluasaan untuk tabel `chatbot_messages`
--
ALTER TABLE `chatbot_messages`
  ADD CONSTRAINT `fk_chatbot_messages_user` FOREIGN KEY (`user_id`) REFERENCES `users` (`id`) ON DELETE CASCADE ON UPDATE CASCADE;

--
-- Ketidakleluasaan untuk tabel `chatbot_sessions`
--
ALTER TABLE `chatbot_sessions`
  ADD CONSTRAINT `fk_chatbot_sessions_user` FOREIGN KEY (`user_id`) REFERENCES `users` (`id`) ON DELETE CASCADE ON UPDATE CASCADE;

--
-- Ketidakleluasaan untuk tabel `riwayat_kunjungan`
--
ALTER TABLE `riwayat_kunjungan`
  ADD CONSTRAINT `riwayat_kunjungan_ibfk_1` FOREIGN KEY (`user_id`) REFERENCES `users` (`id`) ON DELETE CASCADE;

--
-- Ketidakleluasaan untuk tabel `suka`
--
ALTER TABLE `suka`
  ADD CONSTRAINT `suka_ibfk_1` FOREIGN KEY (`user_id`) REFERENCES `users` (`id`) ON DELETE CASCADE;

--
-- Ketidakleluasaan untuk tabel `ulasan`
--
ALTER TABLE `ulasan`
  ADD CONSTRAINT `ulasan_ibfk_1` FOREIGN KEY (`user_id`) REFERENCES `users` (`id`),
  ADD CONSTRAINT `ulasan_ibfk_2` FOREIGN KEY (`wisata_id`) REFERENCES `wisata` (`id`);

--
-- Ketidakleluasaan untuk tabel `user_preferences`
--
ALTER TABLE `user_preferences`
  ADD CONSTRAINT `fk_user_preferences_user` FOREIGN KEY (`user_id`) REFERENCES `users` (`id`) ON DELETE CASCADE ON UPDATE CASCADE;
COMMIT;

/*!40101 SET CHARACTER_SET_CLIENT=@OLD_CHARACTER_SET_CLIENT */;
/*!40101 SET CHARACTER_SET_RESULTS=@OLD_CHARACTER_SET_RESULTS */;
/*!40101 SET COLLATION_CONNECTION=@OLD_COLLATION_CONNECTION */;
